{
  "type": "FeatureCollection",
  "metadata": {
    "city": "Nantes Métropole",
    "count": 490
  },
  "features": [
    {
      "type": "Feature",
      "geometry": {
        "type": "Point",
        "coordinates": [
          -1.5832872289552546,
          47.29087449038357
        ]
      },
      "properties": {
        "id": "AL_NM_08_0009",
        "name": "Rue du Pont de Forge (angle Rue des Closeaux)",
        "city": "La Chapelle-sur-Erdre",
        "type": "Affichage libre",
        "notes": "Monté",
        "street_view": "https://www.google.com/maps/@47.29087449038357,-1.5832872289552546,3a,75y,0h,90t/data=!3m4!1e1!3m2!1s!2e0"
      }
    },
    {
      "type": "Feature",
      "geometry": {
        "type": "Point",
        "coordinates": [
          -1.4199141920715512,
          47.32955636220174
        ]
      },
      "properties": {
        "id": "AL_NM_12_0005",
        "name": "Route de Sucé-sur-Erdre (angle Bout des Rues)",
        "city": "Mauves-sur-Loire",
        "type": "Affichage libre",
        "notes": "Monté",
        "street_view": "https://www.google.com/maps/@47.32955636220174,-1.4199141920715512,3a,75y,0h,90t/data=!3m4!1e1!3m2!1s!2e0"
      }
    },
    {
      "type": "Feature",
      "geometry": {
        "type": "Point",
        "coordinates": [
          -1.5546196146205127,
          47.21695376109061
        ]
      },
      "properties": {
        "id": "AL_NM_13_0029",
        "name": "Rue du Moulin (angle Rue des 3 Croissants)",
        "city": "Nantes",
        "type": "Affichage libre",
        "notes": "Monté",
        "street_view": "https://www.google.com/maps/@47.21695376109061,-1.5546196146205127,3a,75y,0h,90t/data=!3m4!1e1!3m2!1s!2e0"
      }
    },
    {
      "type": "Feature",
      "geometry": {
        "type": "Point",
        "coordinates": [
          -1.5544503851432059,
          47.216626221006315
        ]
      },
      "properties": {
        "id": "AL_NM_13_0032",
        "name": "Rue du Moulin (Entrée du Parking)",
        "city": "Nantes",
        "type": "Affichage libre",
        "notes": "Monté",
        "street_view": "https://www.google.com/maps/@47.216626221006315,-1.5544503851432059,3a,75y,0h,90t/data=!3m4!1e1!3m2!1s!2e0"
      }
    },
    {
      "type": "Feature",
      "geometry": {
        "type": "Point",
        "coordinates": [
          -1.6031621373043308,
          47.20509981072458
        ]
      },
      "properties": {
        "id": "AL_NM_13_0043",
        "name": "Rue de l'Hérault (Angle Bd Jean Moulin)",
        "city": "Nantes",
        "type": "Affichage libre",
        "notes": "Monté",
        "street_view": "https://www.google.com/maps/@47.20509981072458,-1.6031621373043308,3a,75y,0h,90t/data=!3m4!1e1!3m2!1s!2e0"
      }
    },
    {
      "type": "Feature",
      "geometry": {
        "type": "Point",
        "coordinates": [
          -1.5881183886469084,
          47.20354033700963
        ]
      },
      "properties": {
        "id": "AL_NM_13_0053",
        "name": "Rue Philippe de Cabrol (Angle Rue Joseph Naud)",
        "city": "Nantes",
        "type": "Affichage libre",
        "notes": "Monté",
        "street_view": "https://www.google.com/maps/@47.20354033700963,-1.5881183886469084,3a,75y,0h,90t/data=!3m4!1e1!3m2!1s!2e0"
      }
    },
    {
      "type": "Feature",
      "geometry": {
        "type": "Point",
        "coordinates": [
          -1.5877870215126493,
          47.217846898145424
        ]
      },
      "properties": {
        "id": "AL_NM_13_0070",
        "name": "Boulevard de la Fraternité (Face au 62bis)",
        "city": "Nantes",
        "type": "Affichage libre",
        "notes": "Monté",
        "street_view": "https://www.google.com/maps/@47.217846898145424,-1.5877870215126493,3a,75y,0h,90t/data=!3m4!1e1!3m2!1s!2e0"
      }
    },
    {
      "type": "Feature",
      "geometry": {
        "type": "Point",
        "coordinates": [
          -1.6822168226516254,
          47.183832372477916
        ]
      },
      "properties": {
        "id": "AL_NM_09_0004",
        "name": "Rue Albert Camus (Face au 11)",
        "city": "La Montagne",
        "type": "Affichage libre",
        "notes": "Monté",
        "street_view": "https://www.google.com/maps/@47.183832372477916,-1.6822168226516254,3a,75y,0h,90t/data=!3m4!1e1!3m2!1s!2e0"
      }
    },
    {
      "type": "Feature",
      "geometry": {
        "type": "Point",
        "coordinates": [
          -1.5832321882847304,
          47.20614668236487
        ]
      },
      "properties": {
        "id": "AL_NM_13_0060",
        "name": "Rue de la Bourdonnais (Angle Rue de l’amiral Duchaffaut)",
        "city": "Nantes",
        "type": "Affichage libre",
        "notes": "Monté",
        "street_view": "https://www.google.com/maps/@47.20614668236487,-1.5832321882847304,3a,75y,0h,90t/data=!3m4!1e1!3m2!1s!2e0"
      }
    },
    {
      "type": "Feature",
      "geometry": {
        "type": "Point",
        "coordinates": [
          -1.5797328792155285,
          47.225029133457724
        ]
      },
      "properties": {
        "id": "AL_NM_13_0095",
        "name": "Boulevard Clovis Constant (Face Rue Edison)",
        "city": "Nantes",
        "type": "Affichage libre",
        "notes": "Monté",
        "street_view": "https://www.google.com/maps/@47.225029133457724,-1.5797328792155285,3a,75y,0h,90t/data=!3m4!1e1!3m2!1s!2e0"
      }
    },
    {
      "type": "Feature",
      "geometry": {
        "type": "Point",
        "coordinates": [
          -1.5762495157070557,
          47.24519671560098
        ]
      },
      "properties": {
        "id": "AL_NM_13_0103",
        "name": "Boulevard Robert Schuman (A l’entrée du parc de la Gaudinière)",
        "city": "Nantes",
        "type": "Affichage libre",
        "notes": "Monté",
        "street_view": "https://www.google.com/maps/@47.24519671560098,-1.5762495157070557,3a,75y,0h,90t/data=!3m4!1e1!3m2!1s!2e0"
      }
    },
    {
      "type": "Feature",
      "geometry": {
        "type": "Point",
        "coordinates": [
          -1.576555072432196,
          47.22437535808488
        ]
      },
      "properties": {
        "id": "AL_NM_13_0097",
        "name": "Boulevard Auguste Pageot (Angle Bd Gaston Serpette)",
        "city": "Nantes",
        "type": "Affichage libre",
        "notes": "Monté",
        "street_view": "https://www.google.com/maps/@47.22437535808488,-1.576555072432196,3a,75y,0h,90t/data=!3m4!1e1!3m2!1s!2e0"
      }
    },
    {
      "type": "Feature",
      "geometry": {
        "type": "Point",
        "coordinates": [
          -1.558998775841106,
          47.231712125314715
        ]
      },
      "properties": {
        "id": "AL_NM_13_0108",
        "name": "Rue du Ballet (Face au 21)",
        "city": "Nantes",
        "type": "Affichage libre",
        "notes": "Monté",
        "street_view": "https://www.google.com/maps/@47.231712125314715,-1.558998775841106,3a,75y,0h,90t/data=!3m4!1e1!3m2!1s!2e0"
      }
    },
    {
      "type": "Feature",
      "geometry": {
        "type": "Point",
        "coordinates": [
          -1.559095085382539,
          47.225309930051786
        ]
      },
      "properties": {
        "id": "AL_NM_13_0112",
        "name": "Rue Paul Bellamy (Rue de Bouillé)",
        "city": "Nantes",
        "type": "Affichage libre",
        "notes": "Monté",
        "street_view": "https://www.google.com/maps/@47.225309930051786,-1.559095085382539,3a,75y,0h,90t/data=!3m4!1e1!3m2!1s!2e0"
      }
    },
    {
      "type": "Feature",
      "geometry": {
        "type": "Point",
        "coordinates": [
          -1.5723967643292434,
          47.21904021761213
        ]
      },
      "properties": {
        "id": "AL_NM_13_0106",
        "name": "Avenue Camus (Face au 28)",
        "city": "Nantes",
        "type": "Affichage libre",
        "notes": "Monté",
        "street_view": "https://www.google.com/maps/@47.21904021761213,-1.5723967643292434,3a,75y,0h,90t/data=!3m4!1e1!3m2!1s!2e0"
      }
    },
    {
      "type": "Feature",
      "geometry": {
        "type": "Point",
        "coordinates": [
          -1.589869183737004,
          47.23013777683811
        ]
      },
      "properties": {
        "id": "AL_NM_13_0126",
        "name": "Boulevard Pierre de Coubertin (Angle Rue des Plantes)",
        "city": "Nantes",
        "type": "Affichage libre",
        "notes": "Monté",
        "street_view": "https://www.google.com/maps/@47.23013777683811,-1.589869183737004,3a,75y,0h,90t/data=!3m4!1e1!3m2!1s!2e0"
      }
    },
    {
      "type": "Feature",
      "geometry": {
        "type": "Point",
        "coordinates": [
          -1.5430805643566365,
          47.23393309403188
        ]
      },
      "properties": {
        "id": "AL_NM_13_0153",
        "name": "Rue de Lorraine (Face au 9)",
        "city": "Nantes",
        "type": "Affichage libre",
        "notes": "Monté",
        "street_view": "https://www.google.com/maps/@47.23393309403188,-1.5430805643566365,3a,75y,0h,90t/data=!3m4!1e1!3m2!1s!2e0"
      }
    },
    {
      "type": "Feature",
      "geometry": {
        "type": "Point",
        "coordinates": [
          -1.5330950137959112,
          47.22348766548736
        ]
      },
      "properties": {
        "id": "AL_NM_13_0164",
        "name": "Rue d'Allonville (Au 4)",
        "city": "Nantes",
        "type": "Affichage libre",
        "notes": "Monté",
        "street_view": "https://www.google.com/maps/@47.22348766548736,-1.5330950137959112,3a,75y,0h,90t/data=!3m4!1e1!3m2!1s!2e0"
      }
    },
    {
      "type": "Feature",
      "geometry": {
        "type": "Point",
        "coordinates": [
          -1.5311406681862756,
          47.22936459489145
        ]
      },
      "properties": {
        "id": "AL_NM_13_0165",
        "name": "Rue du Gois (Angle Rue des Agenets)",
        "city": "Nantes",
        "type": "Affichage libre",
        "notes": "Monté",
        "street_view": "https://www.google.com/maps/@47.22936459489145,-1.5311406681862756,3a,75y,0h,90t/data=!3m4!1e1!3m2!1s!2e0"
      }
    },
    {
      "type": "Feature",
      "geometry": {
        "type": "Point",
        "coordinates": [
          -1.5550498401492718,
          47.29734016609163
        ]
      },
      "properties": {
        "id": "AL_NM_08_0007",
        "name": "Avenue des Noieries (Rue Léo Lagrange)",
        "city": "La Chapelle-sur-Erdre",
        "type": "Affichage libre",
        "notes": "Monté",
        "street_view": "https://www.google.com/maps/@47.29734016609163,-1.5550498401492718,3a,75y,0h,90t/data=!3m4!1e1!3m2!1s!2e0"
      }
    },
    {
      "type": "Feature",
      "geometry": {
        "type": "Point",
        "coordinates": [
          -1.5726053151398471,
          47.339935571345656
        ]
      },
      "properties": {
        "id": "AL_NM_08_0010",
        "name": "Rue de l'Hocmard (Angle Rue Pont Pillet)",
        "city": "La Chapelle-sur-Erdre",
        "type": "Affichage libre",
        "notes": "Monté",
        "street_view": "https://www.google.com/maps/@47.339935571345656,-1.5726053151398471,3a,75y,0h,90t/data=!3m4!1e1!3m2!1s!2e0"
      }
    },
    {
      "type": "Feature",
      "geometry": {
        "type": "Point",
        "coordinates": [
          -1.527866676082913,
          47.18642779899135
        ]
      },
      "properties": {
        "id": "AL_NM_13_0010",
        "name": "Route de Vertou (Angle Rue de Sèvre)",
        "city": "Nantes",
        "type": "Affichage libre",
        "notes": "Monté",
        "street_view": "https://www.google.com/maps/@47.18642779899135,-1.527866676082913,3a,75y,0h,90t/data=!3m4!1e1!3m2!1s!2e0"
      }
    },
    {
      "type": "Feature",
      "geometry": {
        "type": "Point",
        "coordinates": [
          -1.569247877038679,
          47.23557362317305
        ]
      },
      "properties": {
        "id": "AL_NM_13_0124",
        "name": "Boulevard des Américains (Angle G Bizot)",
        "city": "Nantes",
        "type": "Affichage libre",
        "notes": "Monté",
        "street_view": "https://www.google.com/maps/@47.23557362317305,-1.569247877038679,3a,75y,0h,90t/data=!3m4!1e1!3m2!1s!2e0"
      }
    },
    {
      "type": "Feature",
      "geometry": {
        "type": "Point",
        "coordinates": [
          -1.5807695204817194,
          47.263213563504536
        ]
      },
      "properties": {
        "id": "AL_NM_13_0127",
        "name": "Boulevard René Cassin (Angle Avenue du Bout des Landes)",
        "city": "Nantes",
        "type": "Affichage libre",
        "notes": "Monté",
        "street_view": "https://www.google.com/maps/@47.263213563504536,-1.5807695204817194,3a,75y,0h,90t/data=!3m4!1e1!3m2!1s!2e0"
      }
    },
    {
      "type": "Feature",
      "geometry": {
        "type": "Point",
        "coordinates": [
          -1.552022724446621,
          47.245799968430546
        ]
      },
      "properties": {
        "id": "AL_NM_13_0145",
        "name": "Chemin de la Censive du Tertre (Mail André Breton)",
        "city": "Nantes",
        "type": "Affichage libre",
        "notes": "Monté",
        "street_view": "https://www.google.com/maps/@47.245799968430546,-1.552022724446621,3a,75y,0h,90t/data=!3m4!1e1!3m2!1s!2e0"
      }
    },
    {
      "type": "Feature",
      "geometry": {
        "type": "Point",
        "coordinates": [
          -1.526555248109408,
          47.22876249169271
        ]
      },
      "properties": {
        "id": "AL_NM_13_0187",
        "name": "Boulevard des Poilus (Angle Bd de Doulon)",
        "city": "Nantes",
        "type": "Affichage libre",
        "notes": "Monté",
        "street_view": "https://www.google.com/maps/@47.22876249169271,-1.526555248109408,3a,75y,0h,90t/data=!3m4!1e1!3m2!1s!2e0"
      }
    },
    {
      "type": "Feature",
      "geometry": {
        "type": "Point",
        "coordinates": [
          -1.5027475452063586,
          47.234942720106595
        ]
      },
      "properties": {
        "id": "AL_NM_13_0186",
        "name": "Rue de la Rivière (angle Place du Vieux Doulon)",
        "city": "Nantes",
        "type": "Affichage libre",
        "notes": "Monté",
        "street_view": "https://www.google.com/maps/@47.234942720106595,-1.5027475452063586,3a,75y,0h,90t/data=!3m4!1e1!3m2!1s!2e0"
      }
    },
    {
      "type": "Feature",
      "geometry": {
        "type": "Point",
        "coordinates": [
          -1.5214671212868967,
          47.23292901839154
        ]
      },
      "properties": {
        "id": "AL_NM_13_0176",
        "name": "Rue du Landreau (Angle Route de Ste Luce)",
        "city": "Nantes",
        "type": "Affichage libre",
        "notes": "Monté",
        "street_view": "https://www.google.com/maps/@47.23292901839154,-1.5214671212868967,3a,75y,0h,90t/data=!3m4!1e1!3m2!1s!2e0"
      }
    },
    {
      "type": "Feature",
      "geometry": {
        "type": "Point",
        "coordinates": [
          -1.5409711005452906,
          47.23985839570789
        ]
      },
      "properties": {
        "id": "AL_NM_13_0203",
        "name": "Rue de l'Eraudière (Au 53)",
        "city": "Nantes",
        "type": "Affichage libre",
        "notes": "Monté",
        "street_view": "https://www.google.com/maps/@47.23985839570789,-1.5409711005452906,3a,75y,0h,90t/data=!3m4!1e1!3m2!1s!2e0"
      }
    },
    {
      "type": "Feature",
      "geometry": {
        "type": "Point",
        "coordinates": [
          -1.5185200479407248,
          47.26967000272366
        ]
      },
      "properties": {
        "id": "AL_NM_13_0222",
        "name": "Place des Tonneliers (face est de l’Église)",
        "city": "Nantes",
        "type": "Affichage libre",
        "notes": "Monté",
        "street_view": "https://www.google.com/maps/@47.26967000272366,-1.5185200479407248,3a,75y,0h,90t/data=!3m4!1e1!3m2!1s!2e0"
      }
    },
    {
      "type": "Feature",
      "geometry": {
        "type": "Point",
        "coordinates": [
          -1.5598572967290887,
          47.18073779074695
        ]
      },
      "properties": {
        "id": "AL_NM_15_0005",
        "name": "Rue du Château de Rezé (face Rue Maurice Utrillo)",
        "city": "Rezé",
        "type": "Affichage libre",
        "notes": "Monté",
        "street_view": "https://www.google.com/maps/@47.18073779074695,-1.5598572967290887,3a,75y,0h,90t/data=!3m4!1e1!3m2!1s!2e0"
      }
    },
    {
      "type": "Feature",
      "geometry": {
        "type": "Point",
        "coordinates": [
          -1.6303068439186046,
          47.2728402871818
        ]
      },
      "properties": {
        "id": "AL_NM_14_0001",
        "name": "Rue du Landreau (Rond-point des Anciens Combattants)",
        "city": "Orvault",
        "type": "Affichage libre",
        "notes": "Monté",
        "street_view": "https://www.google.com/maps/@47.2728402871818,-1.6303068439186046,3a,75y,0h,90t/data=!3m4!1e1!3m2!1s!2e0"
      }
    },
    {
      "type": "Feature",
      "geometry": {
        "type": "Point",
        "coordinates": [
          -1.6028369440654304,
          47.2218730970415
        ]
      },
      "properties": {
        "id": "AL_NM_17_0030",
        "name": "Boulevard du Massacre (Rond Point Abel Durand)",
        "city": "Saint-Herblain",
        "type": "Affichage libre",
        "notes": "Monté",
        "street_view": "https://www.google.com/maps/@47.2218730970415,-1.6028369440654304,3a,75y,0h,90t/data=!3m4!1e1!3m2!1s!2e0"
      }
    },
    {
      "type": "Feature",
      "geometry": {
        "type": "Point",
        "coordinates": [
          -1.6048638571836142,
          47.23090034674836
        ]
      },
      "properties": {
        "id": "AL_NM_17_0032",
        "name": "Rue de Tillay (angle Allée des Droits de l'homme)",
        "city": "Saint-Herblain",
        "type": "Affichage libre",
        "notes": "Monté",
        "street_view": "https://www.google.com/maps/@47.23090034674836,-1.6048638571836142,3a,75y,0h,90t/data=!3m4!1e1!3m2!1s!2e0"
      }
    },
    {
      "type": "Feature",
      "geometry": {
        "type": "Point",
        "coordinates": [
          -1.6013412370199405,
          47.242769878977434
        ]
      },
      "properties": {
        "id": "AL_NM_17_0038",
        "name": "Avenue de Cheverny (face au 75)",
        "city": "Saint-Herblain",
        "type": "Affichage libre",
        "notes": "Monté",
        "street_view": "https://www.google.com/maps/@47.242769878977434,-1.6013412370199405,3a,75y,0h,90t/data=!3m4!1e1!3m2!1s!2e0"
      }
    },
    {
      "type": "Feature",
      "geometry": {
        "type": "Point",
        "coordinates": [
          -1.6153527813839363,
          47.204087930291635
        ]
      },
      "properties": {
        "id": "AL_NM_17_0046",
        "name": "Boulevard Winston Churchill (angle rue Marcel Marnier)",
        "city": "Saint-Herblain",
        "type": "Affichage libre",
        "notes": "Monté",
        "street_view": "https://www.google.com/maps/@47.204087930291635,-1.6153527813839363,3a,75y,0h,90t/data=!3m4!1e1!3m2!1s!2e0"
      }
    },
    {
      "type": "Feature",
      "geometry": {
        "type": "Point",
        "coordinates": [
          -1.6463384856654666,
          47.20743089121401
        ]
      },
      "properties": {
        "id": "AL_NM_17_0042",
        "name": "Rue du Docteur Alfred Corlay (angle rue du 16 septembre)",
        "city": "Saint-Herblain",
        "type": "Affichage libre",
        "notes": "Monté",
        "street_view": "https://www.google.com/maps/@47.20743089121401,-1.6463384856654666,3a,75y,0h,90t/data=!3m4!1e1!3m2!1s!2e0"
      }
    },
    {
      "type": "Feature",
      "geometry": {
        "type": "Point",
        "coordinates": [
          -1.5797400626879938,
          47.18231780600635
        ]
      },
      "properties": {
        "id": "AL_NM_03_0023",
        "name": "Rue Georges Guynemer (Ecole du Fougan De Mer)",
        "city": "Bouguenais",
        "type": "Affichage libre",
        "notes": "Monté",
        "street_view": "https://www.google.com/maps/@47.18231780600635,-1.5797400626879938,3a,75y,0h,90t/data=!3m4!1e1!3m2!1s!2e0"
      }
    },
    {
      "type": "Feature",
      "geometry": {
        "type": "Point",
        "coordinates": [
          -1.552879921591507,
          47.299431878317925
        ]
      },
      "properties": {
        "id": "AL_NM_08_0002",
        "name": "Avenue des Noieries (Rue Olivier de Sesmaisons)",
        "city": "La Chapelle-sur-Erdre",
        "type": "Affichage libre",
        "notes": "Monté",
        "street_view": "https://www.google.com/maps/@47.299431878317925,-1.552879921591507,3a,75y,0h,90t/data=!3m4!1e1!3m2!1s!2e0"
      }
    },
    {
      "type": "Feature",
      "geometry": {
        "type": "Point",
        "coordinates": [
          -1.580681586112867,
          47.185854199699406
        ]
      },
      "properties": {
        "id": "AL_NM_03_0024",
        "name": "Rue Pasteur (angle Rue Georges Guynemer)",
        "city": "Bouguenais",
        "type": "Affichage libre",
        "notes": "Monté",
        "street_view": "https://www.google.com/maps/@47.185854199699406,-1.580681586112867,3a,75y,0h,90t/data=!3m4!1e1!3m2!1s!2e0"
      }
    },
    {
      "type": "Feature",
      "geometry": {
        "type": "Point",
        "coordinates": [
          -1.685750822665726,
          47.21504636765437
        ]
      },
      "properties": {
        "id": "AL_NM_06_0007",
        "name": "Rue de la Corbardière (super U)",
        "city": "Couëron",
        "type": "Affichage libre",
        "notes": "Monté",
        "street_view": "https://www.google.com/maps/@47.21504636765437,-1.685750822665726,3a,75y,0h,90t/data=!3m4!1e1!3m2!1s!2e0"
      }
    },
    {
      "type": "Feature",
      "geometry": {
        "type": "Point",
        "coordinates": [
          -1.473577063558712,
          47.30251679684623
        ]
      },
      "properties": {
        "id": "AL_NM_05_0006",
        "name": "Rue du Rocher (Angle rue de la Ménerais)",
        "city": "Carquefou",
        "type": "Affichage libre",
        "notes": "Monté",
        "street_view": "https://www.google.com/maps/@47.30251679684623,-1.473577063558712,3a,75y,0h,90t/data=!3m4!1e1!3m2!1s!2e0"
      }
    },
    {
      "type": "Feature",
      "geometry": {
        "type": "Point",
        "coordinates": [
          -1.686288903851521,
          47.186329467134186
        ]
      },
      "properties": {
        "id": "AL_NM_09_0006",
        "name": "Rue Salvator Allende (Au 5)",
        "city": "La Montagne",
        "type": "Affichage libre",
        "notes": "Supprimé",
        "street_view": "https://www.google.com/maps/@47.186329467134186,-1.686288903851521,3a,75y,0h,90t/data=!3m4!1e1!3m2!1s!2e0"
      }
    },
    {
      "type": "Feature",
      "geometry": {
        "type": "Point",
        "coordinates": [
          -1.6492069838507744,
          47.1951125720532
        ]
      },
      "properties": {
        "id": "AL_NM_07_0003",
        "name": "Rue Denis Rivière (face au 4)",
        "city": "Indre",
        "type": "Affichage libre",
        "notes": "Monté",
        "street_view": "https://www.google.com/maps/@47.1951125720532,-1.6492069838507744,3a,75y,0h,90t/data=!3m4!1e1!3m2!1s!2e0"
      }
    },
    {
      "type": "Feature",
      "geometry": {
        "type": "Point",
        "coordinates": [
          -1.68630859865391,
          47.18958052610262
        ]
      },
      "properties": {
        "id": "AL_NM_09_0017",
        "name": "Rue Aristide Briand (Au 21)",
        "city": "La Montagne",
        "type": "Affichage libre",
        "notes": "Monté",
        "street_view": "https://www.google.com/maps/@47.18958052610262,-1.68630859865391,3a,75y,0h,90t/data=!3m4!1e1!3m2!1s!2e0"
      }
    },
    {
      "type": "Feature",
      "geometry": {
        "type": "Point",
        "coordinates": [
          -1.6869197632703465,
          47.191910167858424
        ]
      },
      "properties": {
        "id": "AL_NM_09_0018",
        "name": "Rue de la Mairie (Au 10)",
        "city": "La Montagne",
        "type": "Affichage libre",
        "notes": "Monté",
        "street_view": "https://www.google.com/maps/@47.191910167858424,-1.6869197632703465,3a,75y,0h,90t/data=!3m4!1e1!3m2!1s!2e0"
      }
    },
    {
      "type": "Feature",
      "geometry": {
        "type": "Point",
        "coordinates": [
          -1.39390683770332,
          47.29338561721589
        ]
      },
      "properties": {
        "id": "AL_NM_12_0004",
        "name": "Stade des Loquets (Parking)",
        "city": "Mauves-sur-Loire",
        "type": "Affichage libre",
        "notes": "Monté",
        "street_view": "https://www.google.com/maps/@47.29338561721589,-1.39390683770332,3a,75y,0h,90t/data=!3m4!1e1!3m2!1s!2e0"
      }
    },
    {
      "type": "Feature",
      "geometry": {
        "type": "Point",
        "coordinates": [
          -1.4921235393683037,
          47.261358584001975
        ]
      },
      "properties": {
        "id": "AL_NM_21_0001",
        "name": "Boulevard Louis Pasteur (au 16)",
        "city": "Sainte-Luce-sur-Loire",
        "type": "Affichage libre",
        "notes": "Monté",
        "street_view": "https://www.google.com/maps/@47.261358584001975,-1.4921235393683037,3a,75y,0h,90t/data=!3m4!1e1!3m2!1s!2e0"
      }
    },
    {
      "type": "Feature",
      "geometry": {
        "type": "Point",
        "coordinates": [
          -1.483977608634584,
          47.24992941033772
        ]
      },
      "properties": {
        "id": "AL_NM_21_0002",
        "name": "Place du Général De Gaulle",
        "city": "Sainte-Luce-sur-Loire",
        "type": "Affichage libre",
        "notes": "Monté",
        "street_view": "https://www.google.com/maps/@47.24992941033772,-1.483977608634584,3a,75y,0h,90t/data=!3m4!1e1!3m2!1s!2e0"
      }
    },
    {
      "type": "Feature",
      "geometry": {
        "type": "Point",
        "coordinates": [
          -1.6402558623750356,
          47.12692946096883
        ]
      },
      "properties": {
        "id": "AL_NM_16_0005",
        "name": "Route de la Gendronnerie (Au 26)",
        "city": "Saint-Aignan de Grand Lieu",
        "type": "Affichage libre",
        "notes": "Monté",
        "street_view": "https://www.google.com/maps/@47.12692946096883,-1.6402558623750356,3a,75y,0h,90t/data=!3m4!1e1!3m2!1s!2e0"
      }
    },
    {
      "type": "Feature",
      "geometry": {
        "type": "Point",
        "coordinates": [
          -1.4578952970935928,
          47.25367235712585
        ]
      },
      "properties": {
        "id": "AL_NM_21_0005",
        "name": "Rue de la Bournière (angle rue de la Fresnaie)",
        "city": "Sainte-Luce-sur-Loire",
        "type": "Affichage libre",
        "notes": "Monté",
        "street_view": "https://www.google.com/maps/@47.25367235712585,-1.4578952970935928,3a,75y,0h,90t/data=!3m4!1e1!3m2!1s!2e0"
      }
    },
    {
      "type": "Feature",
      "geometry": {
        "type": "Point",
        "coordinates": [
          -1.4336958874889814,
          47.2886706827514
        ]
      },
      "properties": {
        "id": "AL_NM_23_0001",
        "name": "Le Chemin Nantais (au 40)",
        "city": "Thouaré-sur-Loire",
        "type": "Affichage libre",
        "notes": "Monté",
        "street_view": "https://www.google.com/maps/@47.2886706827514,-1.4336958874889814,3a,75y,0h,90t/data=!3m4!1e1!3m2!1s!2e0"
      }
    },
    {
      "type": "Feature",
      "geometry": {
        "type": "Point",
        "coordinates": [
          -1.7084061574403953,
          47.21281149620139
        ]
      },
      "properties": {
        "id": "AL_NM_06_0034",
        "name": "Rue du Pont de Retz",
        "city": "Couëron",
        "type": "Affichage libre",
        "notes": "Monté",
        "street_view": "https://www.google.com/maps/@47.21281149620139,-1.7084061574403953,3a,75y,0h,90t/data=!3m4!1e1!3m2!1s!2e0"
      }
    },
    {
      "type": "Feature",
      "geometry": {
        "type": "Point",
        "coordinates": [
          -1.6952379642293995,
          47.14892861685692
        ]
      },
      "properties": {
        "id": "AL_NM_02_0003",
        "name": "Rue du Stade (au 1)",
        "city": "Bouaye",
        "type": "Affichage libre",
        "notes": "Monté",
        "street_view": "https://www.google.com/maps/@47.14892861685692,-1.6952379642293995,3a,75y,0h,90t/data=!3m4!1e1!3m2!1s!2e0"
      }
    },
    {
      "type": "Feature",
      "geometry": {
        "type": "Point",
        "coordinates": [
          -1.6894121668585595,
          47.14196111408274
        ]
      },
      "properties": {
        "id": "AL_NM_02_0005",
        "name": "Avenue de Plaisance (angle Madeleine Joret)",
        "city": "Bouaye",
        "type": "Affichage libre",
        "notes": "Monté",
        "street_view": "https://www.google.com/maps/@47.14196111408274,-1.6894121668585595,3a,75y,0h,90t/data=!3m4!1e1!3m2!1s!2e0"
      }
    },
    {
      "type": "Feature",
      "geometry": {
        "type": "Point",
        "coordinates": [
          -1.5192762187001738,
          47.22693186357931
        ]
      },
      "properties": {
        "id": "AL_NM_13_0191",
        "name": "Boulevard Louis Millet (Angle rue des Epinettes)",
        "city": "Nantes",
        "type": "Affichage libre",
        "notes": "Démonté",
        "street_view": "https://www.google.com/maps/@47.22693186357931,-1.5192762187001738,3a,75y,0h,90t/data=!3m4!1e1!3m2!1s!2e0"
      }
    },
    {
      "type": "Feature",
      "geometry": {
        "type": "Point",
        "coordinates": [
          -1.520992743698843,
          47.238637049302305
        ]
      },
      "properties": {
        "id": "AL_NM_13_0182",
        "name": "Rue de la Bottière (Face Rue G Lippman)",
        "city": "Nantes",
        "type": "Affichage libre",
        "notes": "Démonté",
        "street_view": "https://www.google.com/maps/@47.238637049302305,-1.520992743698843,3a,75y,0h,90t/data=!3m4!1e1!3m2!1s!2e0"
      }
    },
    {
      "type": "Feature",
      "geometry": {
        "type": "Point",
        "coordinates": [
          -1.5929462019138632,
          47.2216311095283
        ]
      },
      "properties": {
        "id": "AL_NM_13_0067",
        "name": "Boulevard Jean Ingres (Angle rue de la Contrie)",
        "city": "Nantes",
        "type": "Affichage libre",
        "notes": "Monté",
        "street_view": "https://www.google.com/maps/@47.2216311095283,-1.5929462019138632,3a,75y,0h,90t/data=!3m4!1e1!3m2!1s!2e0"
      }
    },
    {
      "type": "Feature",
      "geometry": {
        "type": "Point",
        "coordinates": [
          -1.531572770348867,
          47.13464090305053
        ]
      },
      "properties": {
        "id": "AL_NM_11_0007",
        "name": "Rue du Champ de Foire (Square de la Flamme Olympique)",
        "city": "Les Sorinières",
        "type": "Affichage libre",
        "notes": "Monté",
        "street_view": "https://www.google.com/maps/@47.13464090305053,-1.531572770348867,3a,75y,0h,90t/data=!3m4!1e1!3m2!1s!2e0"
      }
    },
    {
      "type": "Feature",
      "geometry": {
        "type": "Point",
        "coordinates": [
          -1.5655743297916966,
          47.22840875378099
        ]
      },
      "properties": {
        "id": "AL_NM_13_0105",
        "name": "Rue Villebois Mareuil (Angle Rue Alphonse Daudet)",
        "city": "Nantes",
        "type": "Affichage libre",
        "notes": "Monté",
        "street_view": "https://www.google.com/maps/@47.22840875378099,-1.5655743297916966,3a,75y,0h,90t/data=!3m4!1e1!3m2!1s!2e0"
      }
    },
    {
      "type": "Feature",
      "geometry": {
        "type": "Point",
        "coordinates": [
          -1.5415375684282313,
          47.21504141094982
        ]
      },
      "properties": {
        "id": "AL_NM_13_0235",
        "name": "Rue des Remorqueurs",
        "city": "Nantes",
        "type": "Affichage libre",
        "notes": "Monté",
        "street_view": "https://www.google.com/maps/@47.21504141094982,-1.5415375684282313,3a,75y,0h,90t/data=!3m4!1e1!3m2!1s!2e0"
      }
    },
    {
      "type": "Feature",
      "geometry": {
        "type": "Point",
        "coordinates": [
          -1.5391311533077414,
          47.20314582930753
        ]
      },
      "properties": {
        "id": "AL_NM_13_0016",
        "name": "Rue Pierre Etienne Flandin (devanr École publique Pauline Kergomard)",
        "city": "Nantes",
        "type": "Affichage libre",
        "notes": "Monté",
        "street_view": "https://www.google.com/maps/@47.20314582930753,-1.5391311533077414,3a,75y,0h,90t/data=!3m4!1e1!3m2!1s!2e0"
      }
    },
    {
      "type": "Feature",
      "geometry": {
        "type": "Point",
        "coordinates": [
          -1.5513751217990053,
          47.21050628863583
        ]
      },
      "properties": {
        "id": "AL_NM_13_0038",
        "name": "Chaussée de la Madeleine (Face au 23)",
        "city": "Nantes",
        "type": "Affichage libre",
        "notes": "Monté",
        "street_view": "https://www.google.com/maps/@47.21050628863583,-1.5513751217990053,3a,75y,0h,90t/data=!3m4!1e1!3m2!1s!2e0"
      }
    },
    {
      "type": "Feature",
      "geometry": {
        "type": "Point",
        "coordinates": [
          -1.6027034242048848,
          47.22041851705499
        ]
      },
      "properties": {
        "id": "AL_NM_13_0066",
        "name": "Rue du Corps de Garde (Angle Rond point Abel Durand)",
        "city": "Nantes",
        "type": "Affichage libre",
        "notes": "Monté",
        "street_view": "https://www.google.com/maps/@47.22041851705499,-1.6027034242048848,3a,75y,0h,90t/data=!3m4!1e1!3m2!1s!2e0"
      }
    },
    {
      "type": "Feature",
      "geometry": {
        "type": "Point",
        "coordinates": [
          -1.591916515165105,
          47.216652417191995
        ]
      },
      "properties": {
        "id": "AL_NM_13_0071",
        "name": "Boulevard de la Solidarité (Au 48)",
        "city": "Nantes",
        "type": "Affichage libre",
        "notes": "Monté",
        "street_view": "https://www.google.com/maps/@47.216652417191995,-1.591916515165105,3a,75y,0h,90t/data=!3m4!1e1!3m2!1s!2e0"
      }
    },
    {
      "type": "Feature",
      "geometry": {
        "type": "Point",
        "coordinates": [
          -1.5969560997904446,
          47.213274044357114
        ]
      },
      "properties": {
        "id": "AL_NM_13_0076",
        "name": "Rue des Renardières (Au 113)",
        "city": "Nantes",
        "type": "Affichage libre",
        "notes": "Monté",
        "street_view": "https://www.google.com/maps/@47.213274044357114,-1.5969560997904446,3a,75y,0h,90t/data=!3m4!1e1!3m2!1s!2e0"
      }
    },
    {
      "type": "Feature",
      "geometry": {
        "type": "Point",
        "coordinates": [
          -1.5817588352161824,
          47.220195622535755
        ]
      },
      "properties": {
        "id": "AL_NM_13_0078",
        "name": "Avenue du Parc de Procé (Angle Rue Grillaud)",
        "city": "Nantes",
        "type": "Affichage libre",
        "notes": "Monté",
        "street_view": "https://www.google.com/maps/@47.220195622535755,-1.5817588352161824,3a,75y,0h,90t/data=!3m4!1e1!3m2!1s!2e0"
      }
    },
    {
      "type": "Feature",
      "geometry": {
        "type": "Point",
        "coordinates": [
          -1.5992052257659322,
          47.216147200591735
        ]
      },
      "properties": {
        "id": "AL_NM_13_0073",
        "name": "Place du Repos de Chasse",
        "city": "Nantes",
        "type": "Affichage libre",
        "notes": "Monté",
        "street_view": "https://www.google.com/maps/@47.216147200591735,-1.5992052257659322,3a,75y,0h,90t/data=!3m4!1e1!3m2!1s!2e0"
      }
    },
    {
      "type": "Feature",
      "geometry": {
        "type": "Point",
        "coordinates": [
          -1.5564928930312683,
          47.24052431972985
        ]
      },
      "properties": {
        "id": "AL_NM_13_0093",
        "name": "Boulevard Michelet (Face au 115)",
        "city": "Nantes",
        "type": "Affichage libre",
        "notes": "Monté",
        "street_view": "https://www.google.com/maps/@47.24052431972985,-1.5564928930312683,3a,75y,0h,90t/data=!3m4!1e1!3m2!1s!2e0"
      }
    },
    {
      "type": "Feature",
      "geometry": {
        "type": "Point",
        "coordinates": [
          -1.568507169011135,
          47.23154359379471
        ]
      },
      "properties": {
        "id": "AL_NM_13_0099",
        "name": "Rue Félix Faure (Angle Rue Casimir Perier)",
        "city": "Nantes",
        "type": "Affichage libre",
        "notes": "Monté",
        "street_view": "https://www.google.com/maps/@47.23154359379471,-1.568507169011135,3a,75y,0h,90t/data=!3m4!1e1!3m2!1s!2e0"
      }
    },
    {
      "type": "Feature",
      "geometry": {
        "type": "Point",
        "coordinates": [
          -1.5808983223969624,
          47.22799582838352
        ]
      },
      "properties": {
        "id": "AL_NM_13_0096",
        "name": "Boulevard des Anglais (Face 89)",
        "city": "Nantes",
        "type": "Affichage libre",
        "notes": "Monté",
        "street_view": "https://www.google.com/maps/@47.22799582838352,-1.5808983223969624,3a,75y,0h,90t/data=!3m4!1e1!3m2!1s!2e0"
      }
    },
    {
      "type": "Feature",
      "geometry": {
        "type": "Point",
        "coordinates": [
          -1.5846019749294653,
          47.232474486986355
        ]
      },
      "properties": {
        "id": "AL_NM_13_0121",
        "name": "Rue Georges Méliès (Angle Rue Maison Blanche)",
        "city": "Nantes",
        "type": "Affichage libre",
        "notes": "Monté",
        "street_view": "https://www.google.com/maps/@47.232474486986355,-1.5846019749294653,3a,75y,0h,90t/data=!3m4!1e1!3m2!1s!2e0"
      }
    },
    {
      "type": "Feature",
      "geometry": {
        "type": "Point",
        "coordinates": [
          -1.585987896803397,
          47.22973427078471
        ]
      },
      "properties": {
        "id": "AL_NM_13_0123",
        "name": "Rue Jacques Feyder (Angle Julien Duvivier)",
        "city": "Nantes",
        "type": "Affichage libre",
        "notes": "Monté",
        "street_view": "https://www.google.com/maps/@47.22973427078471,-1.585987896803397,3a,75y,0h,90t/data=!3m4!1e1!3m2!1s!2e0"
      }
    },
    {
      "type": "Feature",
      "geometry": {
        "type": "Point",
        "coordinates": [
          -1.5761128294679845,
          47.225902869931694
        ]
      },
      "properties": {
        "id": "AL_NM_13_0115",
        "name": "Boulevard Gaston Serpette (Angle Rue douet garnier)",
        "city": "Nantes",
        "type": "Affichage libre",
        "notes": "Monté",
        "street_view": "https://www.google.com/maps/@47.225902869931694,-1.5761128294679845,3a,75y,0h,90t/data=!3m4!1e1!3m2!1s!2e0"
      }
    },
    {
      "type": "Feature",
      "geometry": {
        "type": "Point",
        "coordinates": [
          -1.5705913167241714,
          47.23821535842518
        ]
      },
      "properties": {
        "id": "AL_NM_13_0119",
        "name": "Boulevard de Longchamp (Face au 2)",
        "city": "Nantes",
        "type": "Affichage libre",
        "notes": "Monté",
        "street_view": "https://www.google.com/maps/@47.23821535842518,-1.5705913167241714,3a,75y,0h,90t/data=!3m4!1e1!3m2!1s!2e0"
      }
    },
    {
      "type": "Feature",
      "geometry": {
        "type": "Point",
        "coordinates": [
          -1.5229393790240218,
          47.2253635870954
        ]
      },
      "properties": {
        "id": "AL_NM_13_0168",
        "name": "Rue Jules Bréchoir",
        "city": "Nantes",
        "type": "Affichage libre",
        "notes": "Monté",
        "street_view": "https://www.google.com/maps/@47.2253635870954,-1.5229393790240218,3a,75y,0h,90t/data=!3m4!1e1!3m2!1s!2e0"
      }
    },
    {
      "type": "Feature",
      "geometry": {
        "type": "Point",
        "coordinates": [
          -1.5645899427323733,
          47.22279546059884
        ]
      },
      "properties": {
        "id": "AL_NM_13_0229",
        "name": "Rue du limousin (angle rue du bourget)",
        "city": "Nantes",
        "type": "Affichage libre",
        "notes": "Monté",
        "street_view": "https://www.google.com/maps/@47.22279546059884,-1.5645899427323733,3a,75y,0h,90t/data=!3m4!1e1!3m2!1s!2e0"
      }
    },
    {
      "type": "Feature",
      "geometry": {
        "type": "Point",
        "coordinates": [
          -1.526547684218069,
          47.20042261437373
        ]
      },
      "properties": {
        "id": "AL_NM_20_0006",
        "name": "Rue de la Libération (au 2 angle Rue de la Fonderie)",
        "city": "Saint-Sébastien-sur-Loire",
        "type": "Affichage libre",
        "notes": "Monté",
        "street_view": "https://www.google.com/maps/@47.20042261437373,-1.526547684218069,3a,75y,0h,90t/data=!3m4!1e1!3m2!1s!2e0"
      }
    },
    {
      "type": "Feature",
      "geometry": {
        "type": "Point",
        "coordinates": [
          -1.5523178995229807,
          47.269629700096935
        ]
      },
      "properties": {
        "id": "AL_NM_08_0005",
        "name": "Boulevard de l'Hopitau (face Rue jacques Demy)",
        "city": "La Chapelle-sur-Erdre",
        "type": "Affichage libre",
        "notes": "Monté",
        "street_view": "https://www.google.com/maps/@47.269629700096935,-1.5523178995229807,3a,75y,0h,90t/data=!3m4!1e1!3m2!1s!2e0"
      }
    },
    {
      "type": "Feature",
      "geometry": {
        "type": "Point",
        "coordinates": [
          -1.5521489295293756,
          47.248263552555734
        ]
      },
      "properties": {
        "id": "AL_NM_13_0131",
        "name": "Rue du Fresche Blanc (Angle Route de la Jonelière)",
        "city": "Nantes",
        "type": "Affichage libre",
        "notes": "Monté",
        "street_view": "https://www.google.com/maps/@47.248263552555734,-1.5521489295293756,3a,75y,0h,90t/data=!3m4!1e1!3m2!1s!2e0"
      }
    },
    {
      "type": "Feature",
      "geometry": {
        "type": "Point",
        "coordinates": [
          -1.5545052578723688,
          47.2524712775928
        ]
      },
      "properties": {
        "id": "AL_NM_13_0138",
        "name": "Rue de la Bourgeonnière (Gymnase de la Barboire)",
        "city": "Nantes",
        "type": "Affichage libre",
        "notes": "Monté",
        "street_view": "https://www.google.com/maps/@47.2524712775928,-1.5545052578723688,3a,75y,0h,90t/data=!3m4!1e1!3m2!1s!2e0"
      }
    },
    {
      "type": "Feature",
      "geometry": {
        "type": "Point",
        "coordinates": [
          -1.5765200997160922,
          47.250975519227424
        ]
      },
      "properties": {
        "id": "AL_NM_13_0132",
        "name": "Route de Rennes (Arrêt Vallée face au 55)",
        "city": "Nantes",
        "type": "Affichage libre",
        "notes": "Monté",
        "street_view": "https://www.google.com/maps/@47.250975519227424,-1.5765200997160922,3a,75y,0h,90t/data=!3m4!1e1!3m2!1s!2e0"
      }
    },
    {
      "type": "Feature",
      "geometry": {
        "type": "Point",
        "coordinates": [
          -1.5658916667508864,
          47.254329525477125
        ]
      },
      "properties": {
        "id": "AL_NM_13_0142",
        "name": "Rue des Renards (TRAM Boissière)",
        "city": "Nantes",
        "type": "Affichage libre",
        "notes": "Monté",
        "street_view": "https://www.google.com/maps/@47.254329525477125,-1.5658916667508864,3a,75y,0h,90t/data=!3m4!1e1!3m2!1s!2e0"
      }
    },
    {
      "type": "Feature",
      "geometry": {
        "type": "Point",
        "coordinates": [
          -1.5697774903412691,
          47.25074366359488
        ]
      },
      "properties": {
        "id": "AL_NM_13_0135",
        "name": "Boulevard de la Chauvinière (Angle Rue Jean Poulain)",
        "city": "Nantes",
        "type": "Affichage libre",
        "notes": "Monté",
        "street_view": "https://www.google.com/maps/@47.25074366359488,-1.5697774903412691,3a,75y,0h,90t/data=!3m4!1e1!3m2!1s!2e0"
      }
    },
    {
      "type": "Feature",
      "geometry": {
        "type": "Point",
        "coordinates": [
          -1.531280255118901,
          47.23394206993473
        ]
      },
      "properties": {
        "id": "AL_NM_13_0177",
        "name": "Rue de la Marrière (Face 26)",
        "city": "Nantes",
        "type": "Affichage libre",
        "notes": "Démonté",
        "street_view": "https://www.google.com/maps/@47.23394206993473,-1.531280255118901,3a,75y,0h,90t/data=!3m4!1e1!3m2!1s!2e0"
      }
    },
    {
      "type": "Feature",
      "geometry": {
        "type": "Point",
        "coordinates": [
          -1.5091529224119762,
          47.24115804172808
        ]
      },
      "properties": {
        "id": "AL_NM_13_0197",
        "name": "Route de Sainte Luce (Angle Rue de la Basse Chenaie)",
        "city": "Nantes",
        "type": "Affichage libre",
        "notes": "Monté",
        "street_view": "https://www.google.com/maps/@47.24115804172808,-1.5091529224119762,3a,75y,0h,90t/data=!3m4!1e1!3m2!1s!2e0"
      }
    },
    {
      "type": "Feature",
      "geometry": {
        "type": "Point",
        "coordinates": [
          -1.5080130549263355,
          47.236890939112556
        ]
      },
      "properties": {
        "id": "AL_NM_13_0195",
        "name": "Rue de la Basse Chênaie (Face au 8)",
        "city": "Nantes",
        "type": "Affichage libre",
        "notes": "Monté",
        "street_view": "https://www.google.com/maps/@47.236890939112556,-1.5080130549263355,3a,75y,0h,90t/data=!3m4!1e1!3m2!1s!2e0"
      }
    },
    {
      "type": "Feature",
      "geometry": {
        "type": "Point",
        "coordinates": [
          -1.5182826999053194,
          47.24042367403078
        ]
      },
      "properties": {
        "id": "AL_NM_13_0192",
        "name": "Rue de la Bottière (Angle Rue Urbain Le Verrier)",
        "city": "Nantes",
        "type": "Affichage libre",
        "notes": "Démonté",
        "street_view": "https://www.google.com/maps/@47.24042367403078,-1.5182826999053194,3a,75y,0h,90t/data=!3m4!1e1!3m2!1s!2e0"
      }
    },
    {
      "type": "Feature",
      "geometry": {
        "type": "Point",
        "coordinates": [
          -1.5185251672143778,
          47.27069459120926
        ]
      },
      "properties": {
        "id": "AL_NM_13_0200",
        "name": "Route de Saint Joseph (Au 499)",
        "city": "Nantes",
        "type": "Affichage libre",
        "notes": "Monté",
        "street_view": "https://www.google.com/maps/@47.27069459120926,-1.5185251672143778,3a,75y,0h,90t/data=!3m4!1e1!3m2!1s!2e0"
      }
    },
    {
      "type": "Feature",
      "geometry": {
        "type": "Point",
        "coordinates": [
          -1.535955990553885,
          47.24634237052953
        ]
      },
      "properties": {
        "id": "AL_NM_13_0208",
        "name": "Rue du Stade de la Noue (Au 1)",
        "city": "Nantes",
        "type": "Affichage libre",
        "notes": "Monté",
        "street_view": "https://www.google.com/maps/@47.24634237052953,-1.535955990553885,3a,75y,0h,90t/data=!3m4!1e1!3m2!1s!2e0"
      }
    },
    {
      "type": "Feature",
      "geometry": {
        "type": "Point",
        "coordinates": [
          -1.5323199777126202,
          47.241842208434036
        ]
      },
      "properties": {
        "id": "AL_NM_13_0212",
        "name": "Rue des Marsauderies (Angle Rue Anne Claude Godeau)",
        "city": "Nantes",
        "type": "Affichage libre",
        "notes": "Monté",
        "street_view": "https://www.google.com/maps/@47.241842208434036,-1.5323199777126202,3a,75y,0h,90t/data=!3m4!1e1!3m2!1s!2e0"
      }
    },
    {
      "type": "Feature",
      "geometry": {
        "type": "Point",
        "coordinates": [
          -1.5332137898091185,
          47.236777612015665
        ]
      },
      "properties": {
        "id": "AL_NM_13_0219",
        "name": "Boulevard Jules Verne (Angle Rue Michaudière)",
        "city": "Nantes",
        "type": "Affichage libre",
        "notes": "Monté",
        "street_view": "https://www.google.com/maps/@47.236777612015665,-1.5332137898091185,3a,75y,0h,90t/data=!3m4!1e1!3m2!1s!2e0"
      }
    },
    {
      "type": "Feature",
      "geometry": {
        "type": "Point",
        "coordinates": [
          -1.5176525744534406,
          47.25192368172587
        ]
      },
      "properties": {
        "id": "AL_NM_13_0223",
        "name": "Route de Paris (Arret Chemin Rouge)",
        "city": "Nantes",
        "type": "Affichage libre",
        "notes": "Monté",
        "street_view": "https://www.google.com/maps/@47.25192368172587,-1.5176525744534406,3a,75y,0h,90t/data=!3m4!1e1!3m2!1s!2e0"
      }
    },
    {
      "type": "Feature",
      "geometry": {
        "type": "Point",
        "coordinates": [
          -1.5316417382157503,
          47.253220243234374
        ]
      },
      "properties": {
        "id": "AL_NM_13_0225",
        "name": "Rue du Port Durand (face au 2)",
        "city": "Nantes",
        "type": "Affichage libre",
        "notes": "Monté",
        "street_view": "https://www.google.com/maps/@47.253220243234374,-1.5316417382157503,3a,75y,0h,90t/data=!3m4!1e1!3m2!1s!2e0"
      }
    },
    {
      "type": "Feature",
      "geometry": {
        "type": "Point",
        "coordinates": [
          -1.6075682337709942,
          47.25610916882378
        ]
      },
      "properties": {
        "id": "AL_NM_14_0005",
        "name": "Rond-Point de la Chataigneraie (angle av Charles De Gaulle)",
        "city": "Orvault",
        "type": "Affichage libre",
        "notes": "Monté",
        "street_view": "https://www.google.com/maps/@47.25610916882378,-1.6075682337709942,3a,75y,0h,90t/data=!3m4!1e1!3m2!1s!2e0"
      }
    },
    {
      "type": "Feature",
      "geometry": {
        "type": "Point",
        "coordinates": [
          -1.5812699093646483,
          47.259022924774115
        ]
      },
      "properties": {
        "id": "AL_NM_14_0007",
        "name": "Avenue de la Praudière (angle  Av de la Balance)",
        "city": "Orvault",
        "type": "Affichage libre",
        "notes": "Monté",
        "street_view": "https://www.google.com/maps/@47.259022924774115,-1.5812699093646483,3a,75y,0h,90t/data=!3m4!1e1!3m2!1s!2e0"
      }
    },
    {
      "type": "Feature",
      "geometry": {
        "type": "Point",
        "coordinates": [
          -1.5827787567262437,
          47.24747891791054
        ]
      },
      "properties": {
        "id": "AL_NM_14_0008",
        "name": "Rue du Taillis (angle rue des Hortensias)",
        "city": "Orvault",
        "type": "Affichage libre",
        "notes": "Monté",
        "street_view": "https://www.google.com/maps/@47.24747891791054,-1.5827787567262437,3a,75y,0h,90t/data=!3m4!1e1!3m2!1s!2e0"
      }
    },
    {
      "type": "Feature",
      "geometry": {
        "type": "Point",
        "coordinates": [
          -1.6474617289462083,
          47.26152099331522
        ]
      },
      "properties": {
        "id": "AL_NM_14_0003",
        "name": "Rue Léon Gaumont (angle Rue Jean Rouxel)",
        "city": "Orvault",
        "type": "Affichage libre",
        "notes": "Monté",
        "street_view": "https://www.google.com/maps/@47.26152099331522,-1.6474617289462083,3a,75y,0h,90t/data=!3m4!1e1!3m2!1s!2e0"
      }
    },
    {
      "type": "Feature",
      "geometry": {
        "type": "Point",
        "coordinates": [
          -1.5317382935519341,
          47.1827777787857
        ]
      },
      "properties": {
        "id": "AL_NM_15_0020",
        "name": "Quai Léon Sécher (Pont de la Morinère)",
        "city": "Rezé",
        "type": "Affichage libre",
        "notes": "Monté",
        "street_view": "https://www.google.com/maps/@47.1827777787857,-1.5317382935519341,3a,75y,0h,90t/data=!3m4!1e1!3m2!1s!2e0"
      }
    },
    {
      "type": "Feature",
      "geometry": {
        "type": "Point",
        "coordinates": [
          -1.5539395523760289,
          47.16351110492611
        ]
      },
      "properties": {
        "id": "AL_NM_15_0024",
        "name": "Rue de la Gourdonnière (angle Rue du Genetais)",
        "city": "Rezé",
        "type": "Affichage libre",
        "notes": "Monté",
        "street_view": "https://www.google.com/maps/@47.16351110492611,-1.5539395523760289,3a,75y,0h,90t/data=!3m4!1e1!3m2!1s!2e0"
      }
    },
    {
      "type": "Feature",
      "geometry": {
        "type": "Point",
        "coordinates": [
          -1.5559957483466569,
          47.18603816105117
        ]
      },
      "properties": {
        "id": "AL_NM_15_0025",
        "name": "Allée de Touraine (à côté de commissariat)",
        "city": "Rezé",
        "type": "Affichage libre",
        "notes": "Monté",
        "street_view": "https://www.google.com/maps/@47.18603816105117,-1.5559957483466569,3a,75y,0h,90t/data=!3m4!1e1!3m2!1s!2e0"
      }
    },
    {
      "type": "Feature",
      "geometry": {
        "type": "Point",
        "coordinates": [
          -1.6344762136201705,
          47.226781555071184
        ]
      },
      "properties": {
        "id": "AL_NM_17_0009",
        "name": "Rue Océane (angle Boulevard Marcel Paul)",
        "city": "Saint-Herblain",
        "type": "Affichage libre",
        "notes": "Monté",
        "street_view": "https://www.google.com/maps/@47.226781555071184,-1.6344762136201705,3a,75y,0h,90t/data=!3m4!1e1!3m2!1s!2e0"
      }
    },
    {
      "type": "Feature",
      "geometry": {
        "type": "Point",
        "coordinates": [
          -1.6026781895874613,
          47.17410478583115
        ]
      },
      "properties": {
        "id": "AL_NM_03_0019",
        "name": "Rue des Sencives (angle Chemin des Bazins)",
        "city": "Bouguenais",
        "type": "Affichage libre",
        "notes": "Monté",
        "street_view": "https://www.google.com/maps/@47.17410478583115,-1.6026781895874613,3a,75y,0h,90t/data=!3m4!1e1!3m2!1s!2e0"
      }
    },
    {
      "type": "Feature",
      "geometry": {
        "type": "Point",
        "coordinates": [
          -1.591222467381213,
          47.23543046461015
        ]
      },
      "properties": {
        "id": "AL_NM_17_0034",
        "name": "Avenue de la Baraudière (face rue des Floralies)",
        "city": "Saint-Herblain",
        "type": "Affichage libre",
        "notes": "Monté",
        "street_view": "https://www.google.com/maps/@47.23543046461015,-1.591222467381213,3a,75y,0h,90t/data=!3m4!1e1!3m2!1s!2e0"
      }
    },
    {
      "type": "Feature",
      "geometry": {
        "type": "Point",
        "coordinates": [
          -1.598437470838209,
          47.236119329306725
        ]
      },
      "properties": {
        "id": "AL_NM_17_0037",
        "name": "Avenue Alain Gerbault (face MJC Bouvardière)",
        "city": "Saint-Herblain",
        "type": "Affichage libre",
        "notes": "Monté",
        "street_view": "https://www.google.com/maps/@47.236119329306725,-1.598437470838209,3a,75y,0h,90t/data=!3m4!1e1!3m2!1s!2e0"
      }
    },
    {
      "type": "Feature",
      "geometry": {
        "type": "Point",
        "coordinates": [
          -1.5090769715852839,
          47.2094104876523
        ]
      },
      "properties": {
        "id": "AL_NM_20_0007",
        "name": "Rue Jean Baptiste Robert (angle Rue des Becques)",
        "city": "Saint-Sébastien-sur-Loire",
        "type": "Affichage libre",
        "notes": "Monté",
        "street_view": "https://www.google.com/maps/@47.2094104876523,-1.5090769715852839,3a,75y,0h,90t/data=!3m4!1e1!3m2!1s!2e0"
      }
    },
    {
      "type": "Feature",
      "geometry": {
        "type": "Point",
        "coordinates": [
          -1.4478098466551796,
          47.219753129244836
        ]
      },
      "properties": {
        "id": "AL_NM_01_0002",
        "name": "Rue de l'Ile Chaland (angle rue du moulin)",
        "city": "Basse-Goulaine",
        "type": "Affichage libre",
        "notes": "Monté",
        "street_view": "https://www.google.com/maps/@47.219753129244836,-1.4478098466551796,3a,75y,0h,90t/data=!3m4!1e1!3m2!1s!2e0"
      }
    },
    {
      "type": "Feature",
      "geometry": {
        "type": "Point",
        "coordinates": [
          -1.4727236353630508,
          47.20891748225652
        ]
      },
      "properties": {
        "id": "AL_NM_01_0005",
        "name": "Rue de la Jarnigarnière (angle Rue de l'Ouche aux Roux)",
        "city": "Basse-Goulaine",
        "type": "Affichage libre",
        "notes": "Monté",
        "street_view": "https://www.google.com/maps/@47.20891748225652,-1.4727236353630508,3a,75y,0h,90t/data=!3m4!1e1!3m2!1s!2e0"
      }
    },
    {
      "type": "Feature",
      "geometry": {
        "type": "Point",
        "coordinates": [
          -1.458747283985872,
          47.23082253601662
        ]
      },
      "properties": {
        "id": "AL_NM_01_0007",
        "name": "Rue des Vallées (angle Impasse des Trois Cheminées)",
        "city": "Basse-Goulaine",
        "type": "Affichage libre",
        "notes": "Monté",
        "street_view": "https://www.google.com/maps/@47.23082253601662,-1.458747283985872,3a,75y,0h,90t/data=!3m4!1e1!3m2!1s!2e0"
      }
    },
    {
      "type": "Feature",
      "geometry": {
        "type": "Point",
        "coordinates": [
          -1.58796217133379,
          47.18106581430991
        ]
      },
      "properties": {
        "id": "AL_NM_03_0002",
        "name": "Rue Célestin Freinet (Centre Baptiste Marcet)",
        "city": "Bouguenais",
        "type": "Affichage libre",
        "notes": "Monté",
        "street_view": "https://www.google.com/maps/@47.18106581430991,-1.58796217133379,3a,75y,0h,90t/data=!3m4!1e1!3m2!1s!2e0"
      }
    },
    {
      "type": "Feature",
      "geometry": {
        "type": "Point",
        "coordinates": [
          -1.5977502868015914,
          47.184100619464765
        ]
      },
      "properties": {
        "id": "AL_NM_03_0013",
        "name": "Rue de la Pierre (angle Rue Rosenberg)",
        "city": "Bouguenais",
        "type": "Affichage libre",
        "notes": "Monté",
        "street_view": "https://www.google.com/maps/@47.184100619464765,-1.5977502868015914,3a,75y,0h,90t/data=!3m4!1e1!3m2!1s!2e0"
      }
    },
    {
      "type": "Feature",
      "geometry": {
        "type": "Point",
        "coordinates": [
          -1.6657724357673338,
          47.187802380073904
        ]
      },
      "properties": {
        "id": "AL_NM_03_0018",
        "name": "Rue des Roseaux (face au 10 angle Rue de la Voute)",
        "city": "Bouguenais",
        "type": "Affichage libre",
        "notes": "Monté",
        "street_view": "https://www.google.com/maps/@47.187802380073904,-1.6657724357673338,3a,75y,0h,90t/data=!3m4!1e1!3m2!1s!2e0"
      }
    },
    {
      "type": "Feature",
      "geometry": {
        "type": "Point",
        "coordinates": [
          -1.568105093156752,
          47.1571469087917
        ]
      },
      "properties": {
        "id": "AL_NM_03_0017",
        "name": "Rue des Drouards (au 124 Après Village de Bel Air)",
        "city": "Bouguenais",
        "type": "Affichage libre",
        "notes": "Monté",
        "street_view": "https://www.google.com/maps/@47.1571469087917,-1.568105093156752,3a,75y,0h,90t/data=!3m4!1e1!3m2!1s!2e0"
      }
    },
    {
      "type": "Feature",
      "geometry": {
        "type": "Point",
        "coordinates": [
          -1.5261043946591668,
          47.15227178592163
        ]
      },
      "properties": {
        "id": "AL_NM_11_0002",
        "name": "Rue de la Corberie (Angle Rue des Flamants)",
        "city": "Les Sorinières",
        "type": "Affichage libre",
        "notes": "Monté",
        "street_view": "https://www.google.com/maps/@47.15227178592163,-1.5261043946591668,3a,75y,0h,90t/data=!3m4!1e1!3m2!1s!2e0"
      }
    },
    {
      "type": "Feature",
      "geometry": {
        "type": "Point",
        "coordinates": [
          -1.472411970770552,
          47.254869092527215
        ]
      },
      "properties": {
        "id": "AL_NM_21_0012",
        "name": "Rue du Pavillon (angle Rue de la Bougrière)",
        "city": "Sainte-Luce-sur-Loire",
        "type": "Affichage libre",
        "notes": "Monté",
        "street_view": "https://www.google.com/maps/@47.254869092527215,-1.472411970770552,3a,75y,0h,90t/data=!3m4!1e1!3m2!1s!2e0"
      }
    },
    {
      "type": "Feature",
      "geometry": {
        "type": "Point",
        "coordinates": [
          -1.4403863437447668,
          47.30043195487646
        ]
      },
      "properties": {
        "id": "AL_NM_05_0008",
        "name": "Rue de la Salle (entre le 87 et le 91 T Rue de la Salle)",
        "city": "Carquefou",
        "type": "Affichage libre",
        "notes": "Monté",
        "street_view": "https://www.google.com/maps/@47.30043195487646,-1.4403863437447668,3a,75y,0h,90t/data=!3m4!1e1!3m2!1s!2e0"
      }
    },
    {
      "type": "Feature",
      "geometry": {
        "type": "Point",
        "coordinates": [
          -1.7271601737103275,
          47.21886114059409
        ]
      },
      "properties": {
        "id": "AL_NM_06_0029",
        "name": "Les Epinettes (Europe/Gautier)",
        "city": "Couëron",
        "type": "Affichage libre",
        "notes": "Monté",
        "street_view": "https://www.google.com/maps/@47.21886114059409,-1.7271601737103275,3a,75y,0h,90t/data=!3m4!1e1!3m2!1s!2e0"
      }
    },
    {
      "type": "Feature",
      "geometry": {
        "type": "Point",
        "coordinates": [
          -1.738142086410197,
          47.21892644355974
        ]
      },
      "properties": {
        "id": "AL_NM_06_0030",
        "name": "Rue Jean-Claude Maisonneuve (Au 30)",
        "city": "Couëron",
        "type": "Affichage libre",
        "notes": "Monté",
        "street_view": "https://www.google.com/maps/@47.21892644355974,-1.738142086410197,3a,75y,0h,90t/data=!3m4!1e1!3m2!1s!2e0"
      }
    },
    {
      "type": "Feature",
      "geometry": {
        "type": "Point",
        "coordinates": [
          -1.4662254337418386,
          47.13736867742221
        ]
      },
      "properties": {
        "id": "AL_NM_24_0005",
        "name": "Place des Reigniers",
        "city": "Vertou",
        "type": "Affichage libre",
        "notes": "Monté",
        "street_view": "https://www.google.com/maps/@47.13736867742221,-1.4662254337418386,3a,75y,0h,90t/data=!3m4!1e1!3m2!1s!2e0"
      }
    },
    {
      "type": "Feature",
      "geometry": {
        "type": "Point",
        "coordinates": [
          -1.483930269456804,
          47.165207238165245
        ]
      },
      "properties": {
        "id": "AL_NM_24_0010",
        "name": "Route des Sorinières (angle Rue Auguste Garnier)",
        "city": "Vertou",
        "type": "Affichage libre",
        "notes": "Monté",
        "street_view": "https://www.google.com/maps/@47.165207238165245,-1.483930269456804,3a,75y,0h,90t/data=!3m4!1e1!3m2!1s!2e0"
      }
    },
    {
      "type": "Feature",
      "geometry": {
        "type": "Point",
        "coordinates": [
          -1.4461778496312894,
          47.17908930669937
        ]
      },
      "properties": {
        "id": "AL_NM_24_0015",
        "name": "Rue les Mortiers (angle Rue Auguste Lerat,voie ferrée)",
        "city": "Vertou",
        "type": "Affichage libre",
        "notes": "Monté",
        "street_view": "https://www.google.com/maps/@47.17908930669937,-1.4461778496312894,3a,75y,0h,90t/data=!3m4!1e1!3m2!1s!2e0"
      }
    },
    {
      "type": "Feature",
      "geometry": {
        "type": "Point",
        "coordinates": [
          -1.5704435716924365,
          47.192874396519045
        ]
      },
      "properties": {
        "id": "AL_NM_15_0001",
        "name": "Avenue du Maréchal De Lattre de Tassigny (Sous le Pont)",
        "city": "Rezé",
        "type": "Affichage libre",
        "notes": "Démonté",
        "street_view": "https://www.google.com/maps/@47.192874396519045,-1.5704435716924365,3a,75y,0h,90t/data=!3m4!1e1!3m2!1s!2e0"
      }
    },
    {
      "type": "Feature",
      "geometry": {
        "type": "Point",
        "coordinates": [
          -1.4792340182202899,
          47.29573654255582
        ]
      },
      "properties": {
        "id": "AL_NM_05_0011",
        "name": "Rue Joseph Cugnot (à coté du rond point Joseph Cugnot)",
        "city": "Carquefou",
        "type": "Affichage libre",
        "notes": "Monté",
        "street_view": "https://www.google.com/maps/@47.29573654255582,-1.4792340182202899,3a,75y,0h,90t/data=!3m4!1e1!3m2!1s!2e0"
      }
    },
    {
      "type": "Feature",
      "geometry": {
        "type": "Point",
        "coordinates": [
          -1.498548605167963,
          47.26089088040954
        ]
      },
      "properties": {
        "id": "AL_NM_05_0012",
        "name": "Rue du Danemark (parallèle à la Route de Paris)",
        "city": "Carquefou",
        "type": "Affichage libre",
        "notes": "Monté",
        "street_view": "https://www.google.com/maps/@47.26089088040954,-1.498548605167963,3a,75y,0h,90t/data=!3m4!1e1!3m2!1s!2e0"
      }
    },
    {
      "type": "Feature",
      "geometry": {
        "type": "Point",
        "coordinates": [
          -1.5165799737093428,
          47.27176712796411
        ]
      },
      "properties": {
        "id": "AL_NM_13_0199",
        "name": "Route de Saint Joseph (Angle Rue du Port la Blanche)",
        "city": "Nantes",
        "type": "Affichage libre",
        "notes": "Monté",
        "street_view": "https://www.google.com/maps/@47.27176712796411,-1.5165799737093428,3a,75y,0h,90t/data=!3m4!1e1!3m2!1s!2e0"
      }
    },
    {
      "type": "Feature",
      "geometry": {
        "type": "Point",
        "coordinates": [
          -1.6958232923291188,
          47.14355101864015
        ]
      },
      "properties": {
        "id": "AL_NM_02_0001",
        "name": "Rue de Pornic (Au 26)",
        "city": "Bouaye",
        "type": "Affichage libre",
        "notes": "Monté",
        "street_view": "https://www.google.com/maps/@47.14355101864015,-1.6958232923291188,3a,75y,0h,90t/data=!3m4!1e1!3m2!1s!2e0"
      }
    },
    {
      "type": "Feature",
      "geometry": {
        "type": "Point",
        "coordinates": [
          -1.5163372942648283,
          47.23861780117342
        ]
      },
      "properties": {
        "id": "AL_NM_13_0230",
        "name": "Rue de la Souillarderie (angle Rue des Tamaris)",
        "city": "Nantes",
        "type": "Affichage libre",
        "notes": "Démonté",
        "street_view": "https://www.google.com/maps/@47.23861780117342,-1.5163372942648283,3a,75y,0h,90t/data=!3m4!1e1!3m2!1s!2e0"
      }
    },
    {
      "type": "Feature",
      "geometry": {
        "type": "Point",
        "coordinates": [
          -1.6178641745920923,
          47.12073838776285
        ]
      },
      "properties": {
        "id": "AL_NM_16_0001",
        "name": "Route de l'Halbrandière (Au 3 bis)",
        "city": "Saint-Aignan de Grand Lieu",
        "type": "Affichage libre",
        "notes": "Monté",
        "street_view": "https://www.google.com/maps/@47.12073838776285,-1.6178641745920923,3a,75y,0h,90t/data=!3m4!1e1!3m2!1s!2e0"
      }
    },
    {
      "type": "Feature",
      "geometry": {
        "type": "Point",
        "coordinates": [
          -1.5984402769631472,
          47.155082377474116
        ]
      },
      "properties": {
        "id": "AL_NM_16_0003",
        "name": "Rue Charles Lindbergh (Face rue Antoine de St Exupéry)",
        "city": "Bouguenais",
        "type": "Affichage libre",
        "notes": "Monté",
        "street_view": "https://www.google.com/maps/@47.155082377474116,-1.5984402769631472,3a,75y,0h,90t/data=!3m4!1e1!3m2!1s!2e0"
      }
    },
    {
      "type": "Feature",
      "geometry": {
        "type": "Point",
        "coordinates": [
          -1.5188021258988593,
          47.18730067407968
        ]
      },
      "properties": {
        "id": "AL_NM_13_0006",
        "name": "Rue de la Gilarderie (Au 152 bis)",
        "city": "Nantes",
        "type": "Affichage libre",
        "notes": "Monté",
        "street_view": "https://www.google.com/maps/@47.18730067407968,-1.5188021258988593,3a,75y,0h,90t/data=!3m4!1e1!3m2!1s!2e0"
      }
    },
    {
      "type": "Feature",
      "geometry": {
        "type": "Point",
        "coordinates": [
          -1.5219214529175102,
          47.188396035941196
        ]
      },
      "properties": {
        "id": "AL_NM_13_0008",
        "name": "Allée de la Civelière (Angle Rue de la Gilarderie)",
        "city": "Nantes",
        "type": "Affichage libre",
        "notes": "Monté",
        "street_view": "https://www.google.com/maps/@47.188396035941196,-1.5219214529175102,3a,75y,0h,90t/data=!3m4!1e1!3m2!1s!2e0"
      }
    },
    {
      "type": "Feature",
      "geometry": {
        "type": "Point",
        "coordinates": [
          -1.560249445471542,
          47.21737542503034
        ]
      },
      "properties": {
        "id": "AL_NM_13_0024",
        "name": "Rue Mercoeur (face au 8)",
        "city": "Nantes",
        "type": "Affichage libre",
        "notes": "Monté",
        "street_view": "https://www.google.com/maps/@47.21737542503034,-1.560249445471542,3a,75y,0h,90t/data=!3m4!1e1!3m2!1s!2e0"
      }
    },
    {
      "type": "Feature",
      "geometry": {
        "type": "Point",
        "coordinates": [
          -1.6078992986751823,
          47.21680336150984
        ]
      },
      "properties": {
        "id": "AL_NM_17_0019",
        "name": "Rue de l'Ecole (angle avenue du Kurun)",
        "city": "Saint-Herblain",
        "type": "Affichage libre",
        "notes": "Monté",
        "street_view": "https://www.google.com/maps/@47.21680336150984,-1.6078992986751823,3a,75y,0h,90t/data=!3m4!1e1!3m2!1s!2e0"
      }
    },
    {
      "type": "Feature",
      "geometry": {
        "type": "Point",
        "coordinates": [
          -1.5549532286400904,
          47.21499702749761
        ]
      },
      "properties": {
        "id": "AL_NM_13_0037",
        "name": "Rue de la Bléterie (Angle Rue Beauregard)",
        "city": "Nantes",
        "type": "Affichage libre",
        "notes": "Monté",
        "street_view": "https://www.google.com/maps/@47.21499702749761,-1.5549532286400904,3a,75y,0h,90t/data=!3m4!1e1!3m2!1s!2e0"
      }
    },
    {
      "type": "Feature",
      "geometry": {
        "type": "Point",
        "coordinates": [
          -1.557246259774561,
          47.21189848293275
        ]
      },
      "properties": {
        "id": "AL_NM_13_0025",
        "name": "Place de la Petite Hollande",
        "city": "Nantes",
        "type": "Affichage libre",
        "notes": "Monté",
        "street_view": "https://www.google.com/maps/@47.21189848293275,-1.557246259774561,3a,75y,0h,90t/data=!3m4!1e1!3m2!1s!2e0"
      }
    },
    {
      "type": "Feature",
      "geometry": {
        "type": "Point",
        "coordinates": [
          -1.6094776504180266,
          47.20829743219289
        ]
      },
      "properties": {
        "id": "AL_NM_13_0046",
        "name": "Rue Francis Portais (angle Allée des Roitelets)",
        "city": "Nantes",
        "type": "Affichage libre",
        "notes": "Monté",
        "street_view": "https://www.google.com/maps/@47.20829743219289,-1.6094776504180266,3a,75y,0h,90t/data=!3m4!1e1!3m2!1s!2e0"
      }
    },
    {
      "type": "Feature",
      "geometry": {
        "type": "Point",
        "coordinates": [
          -1.596569244338983,
          47.20662558730124
        ]
      },
      "properties": {
        "id": "AL_NM_13_0051",
        "name": "Rue de Saint Brévin (angle Rue des Bourderies)",
        "city": "Nantes",
        "type": "Affichage libre",
        "notes": "Monté",
        "street_view": "https://www.google.com/maps/@47.20662558730124,-1.596569244338983,3a,75y,0h,90t/data=!3m4!1e1!3m2!1s!2e0"
      }
    },
    {
      "type": "Feature",
      "geometry": {
        "type": "Point",
        "coordinates": [
          -1.5961448736068171,
          47.2169856036351
        ]
      },
      "properties": {
        "id": "AL_NM_13_0072",
        "name": "Boulevard de la Solidarité (Angle Rue Jean Huss)",
        "city": "Nantes",
        "type": "Affichage libre",
        "notes": "Monté",
        "street_view": "https://www.google.com/maps/@47.2169856036351,-1.5961448736068171,3a,75y,0h,90t/data=!3m4!1e1!3m2!1s!2e0"
      }
    },
    {
      "type": "Feature",
      "geometry": {
        "type": "Point",
        "coordinates": [
          -1.5988680587254893,
          47.21770329599473
        ]
      },
      "properties": {
        "id": "AL_NM_13_0077",
        "name": "Rue du Bouillon (Angle Rue de la Chevasnerie)",
        "city": "Nantes",
        "type": "Affichage libre",
        "notes": "Monté",
        "street_view": "https://www.google.com/maps/@47.21770329599473,-1.5988680587254893,3a,75y,0h,90t/data=!3m4!1e1!3m2!1s!2e0"
      }
    },
    {
      "type": "Feature",
      "geometry": {
        "type": "Point",
        "coordinates": [
          -1.601254809019296,
          47.21043414439623
        ]
      },
      "properties": {
        "id": "AL_NM_13_0081",
        "name": "Route de Saint Herblain (Au 40)",
        "city": "Nantes",
        "type": "Affichage libre",
        "notes": "Monté",
        "street_view": "https://www.google.com/maps/@47.21043414439623,-1.601254809019296,3a,75y,0h,90t/data=!3m4!1e1!3m2!1s!2e0"
      }
    },
    {
      "type": "Feature",
      "geometry": {
        "type": "Point",
        "coordinates": [
          -1.5593051712110835,
          47.22320835432364
        ]
      },
      "properties": {
        "id": "AL_NM_13_0109",
        "name": "Rue de Bel Air (Angle Rue Jules Polo)",
        "city": "Nantes",
        "type": "Affichage libre",
        "notes": "Monté",
        "street_view": "https://www.google.com/maps/@47.22320835432364,-1.5593051712110835,3a,75y,0h,90t/data=!3m4!1e1!3m2!1s!2e0"
      }
    },
    {
      "type": "Feature",
      "geometry": {
        "type": "Point",
        "coordinates": [
          -1.5486764532088044,
          47.22686352300246
        ]
      },
      "properties": {
        "id": "AL_NM_13_0149",
        "name": "Rue de la Béraudière (Angle rue du Général Margueritte)",
        "city": "Nantes",
        "type": "Affichage libre",
        "notes": "Monté",
        "street_view": "https://www.google.com/maps/@47.22686352300246,-1.5486764532088044,3a,75y,0h,90t/data=!3m4!1e1!3m2!1s!2e0"
      }
    },
    {
      "type": "Feature",
      "geometry": {
        "type": "Point",
        "coordinates": [
          -1.5492493829275222,
          47.22619572854964
        ]
      },
      "properties": {
        "id": "AL_NM_13_0151",
        "name": "Rue Général Margueritte (Angle Rue de Chanzy)",
        "city": "Nantes",
        "type": "Affichage libre",
        "notes": "Monté",
        "street_view": "https://www.google.com/maps/@47.22619572854964,-1.5492493829275222,3a,75y,0h,90t/data=!3m4!1e1!3m2!1s!2e0"
      }
    },
    {
      "type": "Feature",
      "geometry": {
        "type": "Point",
        "coordinates": [
          -1.54456610079338,
          47.225245654715856
        ]
      },
      "properties": {
        "id": "AL_NM_13_0160",
        "name": "Rue Dufour (Angle Rue St Charles)",
        "city": "Nantes",
        "type": "Affichage libre",
        "notes": "Monté",
        "street_view": "https://www.google.com/maps/@47.225245654715856,-1.54456610079338,3a,75y,0h,90t/data=!3m4!1e1!3m2!1s!2e0"
      }
    },
    {
      "type": "Feature",
      "geometry": {
        "type": "Point",
        "coordinates": [
          -1.5760045721085487,
          47.211789319423325
        ]
      },
      "properties": {
        "id": "AL_NM_13_0082",
        "name": "Boulevard Paul Langevin (Angle Place Melinet)",
        "city": "Nantes",
        "type": "Affichage libre",
        "notes": "Monté",
        "street_view": "https://www.google.com/maps/@47.211789319423325,-1.5760045721085487,3a,75y,0h,90t/data=!3m4!1e1!3m2!1s!2e0"
      }
    },
    {
      "type": "Feature",
      "geometry": {
        "type": "Point",
        "coordinates": [
          -1.5046117911814392,
          47.23593251551277
        ]
      },
      "properties": {
        "id": "AL_NM_13_0184",
        "name": "Boulevard du Manoir Saint-Lo (Face 11)",
        "city": "Nantes",
        "type": "Affichage libre",
        "notes": "Monté",
        "street_view": "https://www.google.com/maps/@47.23593251551277,-1.5046117911814392,3a,75y,0h,90t/data=!3m4!1e1!3m2!1s!2e0"
      }
    },
    {
      "type": "Feature",
      "geometry": {
        "type": "Point",
        "coordinates": [
          -1.4985441766662329,
          47.251272036700904
        ]
      },
      "properties": {
        "id": "AL_NM_13_0174",
        "name": "Rue du Bois Briand (Angle Rue de la Garde)",
        "city": "Nantes",
        "type": "Affichage libre",
        "notes": "Monté",
        "street_view": "https://www.google.com/maps/@47.251272036700904,-1.4985441766662329,3a,75y,0h,90t/data=!3m4!1e1!3m2!1s!2e0"
      }
    },
    {
      "type": "Feature",
      "geometry": {
        "type": "Point",
        "coordinates": [
          -1.5336342617240368,
          47.23352596842523
        ]
      },
      "properties": {
        "id": "AL_NM_13_0175",
        "name": "Boulevard des Poilus (Angle Rue de la Marrière)",
        "city": "Nantes",
        "type": "Affichage libre",
        "notes": "Monté",
        "street_view": "https://www.google.com/maps/@47.23352596842523,-1.5336342617240368,3a,75y,0h,90t/data=!3m4!1e1!3m2!1s!2e0"
      }
    },
    {
      "type": "Feature",
      "geometry": {
        "type": "Point",
        "coordinates": [
          -1.5198553429848867,
          47.23484403010678
        ]
      },
      "properties": {
        "id": "AL_NM_13_0189",
        "name": "Route de Sainte Luce (Au 127)",
        "city": "Nantes",
        "type": "Affichage libre",
        "notes": "Monté",
        "street_view": "https://www.google.com/maps/@47.23484403010678,-1.5198553429848867,3a,75y,0h,90t/data=!3m4!1e1!3m2!1s!2e0"
      }
    },
    {
      "type": "Feature",
      "geometry": {
        "type": "Point",
        "coordinates": [
          -1.5425879261157895,
          47.239800595272236
        ]
      },
      "properties": {
        "id": "AL_NM_13_0204",
        "name": "Rue Jacques Duclos (Angle Rue de la Turballe)",
        "city": "Nantes",
        "type": "Affichage libre",
        "notes": "Monté",
        "street_view": "https://www.google.com/maps/@47.239800595272236,-1.5425879261157895,3a,75y,0h,90t/data=!3m4!1e1!3m2!1s!2e0"
      }
    },
    {
      "type": "Feature",
      "geometry": {
        "type": "Point",
        "coordinates": [
          -1.6295893489576172,
          47.277610551097155
        ]
      },
      "properties": {
        "id": "AL_NM_14_0002",
        "name": "Chemin du Doucet (Square angle chemin de la retardière)",
        "city": "Orvault",
        "type": "Affichage libre",
        "notes": "Monté",
        "street_view": "https://www.google.com/maps/@47.277610551097155,-1.6295893489576172,3a,75y,0h,90t/data=!3m4!1e1!3m2!1s!2e0"
      }
    },
    {
      "type": "Feature",
      "geometry": {
        "type": "Point",
        "coordinates": [
          -1.5940898430720236,
          47.262802030570036
        ]
      },
      "properties": {
        "id": "AL_NM_14_0006",
        "name": "Boulevard Mendès France (angle Rue Toussaint Deniaud)",
        "city": "Orvault",
        "type": "Affichage libre",
        "notes": "Monté",
        "street_view": "https://www.google.com/maps/@47.262802030570036,-1.5940898430720236,3a,75y,0h,90t/data=!3m4!1e1!3m2!1s!2e0"
      }
    },
    {
      "type": "Feature",
      "geometry": {
        "type": "Point",
        "coordinates": [
          -1.6320046059961277,
          47.261350774076
        ]
      },
      "properties": {
        "id": "AL_NM_14_0004",
        "name": "Rue du Pont Marchand (Face au 9 arrêt Pont Marchand)",
        "city": "Orvault",
        "type": "Affichage libre",
        "notes": "Monté",
        "street_view": "https://www.google.com/maps/@47.261350774076,-1.6320046059961277,3a,75y,0h,90t/data=!3m4!1e1!3m2!1s!2e0"
      }
    },
    {
      "type": "Feature",
      "geometry": {
        "type": "Point",
        "coordinates": [
          -1.5782636659578513,
          47.19491350257555
        ]
      },
      "properties": {
        "id": "AL_NM_15_0015",
        "name": "Quai Surcouf (angle allée Claude Choemet)",
        "city": "Rezé",
        "type": "Affichage libre",
        "notes": "Monté",
        "street_view": "https://www.google.com/maps/@47.19491350257555,-1.5782636659578513,3a,75y,0h,90t/data=!3m4!1e1!3m2!1s!2e0"
      }
    },
    {
      "type": "Feature",
      "geometry": {
        "type": "Point",
        "coordinates": [
          -1.5594843696872975,
          47.18449514534404
        ]
      },
      "properties": {
        "id": "AL_NM_15_0026",
        "name": "Place François Mitterrand",
        "city": "Rezé",
        "type": "Affichage libre",
        "notes": "Monté",
        "street_view": "https://www.google.com/maps/@47.18449514534404,-1.5594843696872975,3a,75y,0h,90t/data=!3m4!1e1!3m2!1s!2e0"
      }
    },
    {
      "type": "Feature",
      "geometry": {
        "type": "Point",
        "coordinates": [
          -1.6080682170917573,
          47.21836056854188
        ]
      },
      "properties": {
        "id": "AL_NM_17_0020",
        "name": "Avenue de la Branchoire (Place du marché)",
        "city": "Saint-Herblain",
        "type": "Affichage libre",
        "notes": "Monté",
        "street_view": "https://www.google.com/maps/@47.21836056854188,-1.6080682170917573,3a,75y,0h,90t/data=!3m4!1e1!3m2!1s!2e0"
      }
    },
    {
      "type": "Feature",
      "geometry": {
        "type": "Point",
        "coordinates": [
          -1.6068126035121575,
          47.224984236584135
        ]
      },
      "properties": {
        "id": "AL_NM_17_0031",
        "name": "Rue de la Garotterie (face au 15)",
        "city": "Saint-Herblain",
        "type": "Affichage libre",
        "notes": "Monté",
        "street_view": "https://www.google.com/maps/@47.224984236584135,-1.6068126035121575,3a,75y,0h,90t/data=!3m4!1e1!3m2!1s!2e0"
      }
    },
    {
      "type": "Feature",
      "geometry": {
        "type": "Point",
        "coordinates": [
          -1.6146855675042688,
          47.212788068971356
        ]
      },
      "properties": {
        "id": "AL_NM_17_0024",
        "name": "Rue de Charente (entrée Ecole de Musique)",
        "city": "Saint-Herblain",
        "type": "Affichage libre",
        "notes": "Monté",
        "street_view": "https://www.google.com/maps/@47.212788068971356,-1.6146855675042688,3a,75y,0h,90t/data=!3m4!1e1!3m2!1s!2e0"
      }
    },
    {
      "type": "Feature",
      "geometry": {
        "type": "Point",
        "coordinates": [
          -1.5893993608523853,
          47.239017322336345
        ]
      },
      "properties": {
        "id": "AL_NM_17_0035",
        "name": "Avenue du Docteur Roux (angle avenue de la Bouvardière)",
        "city": "Saint-Herblain",
        "type": "Affichage libre",
        "notes": "Monté",
        "street_view": "https://www.google.com/maps/@47.239017322336345,-1.5893993608523853,3a,75y,0h,90t/data=!3m4!1e1!3m2!1s!2e0"
      }
    },
    {
      "type": "Feature",
      "geometry": {
        "type": "Point",
        "coordinates": [
          -1.608466266776552,
          47.24209958137095
        ]
      },
      "properties": {
        "id": "AL_NM_17_0040",
        "name": "Avenue des Thébaudières (angle rue du Danube)",
        "city": "Saint-Herblain",
        "type": "Affichage libre",
        "notes": "Monté",
        "street_view": "https://www.google.com/maps/@47.24209958137095,-1.608466266776552,3a,75y,0h,90t/data=!3m4!1e1!3m2!1s!2e0"
      }
    },
    {
      "type": "Feature",
      "geometry": {
        "type": "Point",
        "coordinates": [
          -1.5202056620785276,
          47.19965569420293
        ]
      },
      "properties": {
        "id": "AL_NM_20_0009",
        "name": "Avenue de la Martellière (au 19)",
        "city": "Saint-Sébastien-sur-Loire",
        "type": "Affichage libre",
        "notes": "Monté",
        "street_view": "https://www.google.com/maps/@47.19965569420293,-1.5202056620785276,3a,75y,0h,90t/data=!3m4!1e1!3m2!1s!2e0"
      }
    },
    {
      "type": "Feature",
      "geometry": {
        "type": "Point",
        "coordinates": [
          -1.58680796590864,
          47.18718430980979
        ]
      },
      "properties": {
        "id": "AL_NM_03_0027",
        "name": "Chemin du Couvent (angle rue de la Loire)",
        "city": "Bouguenais",
        "type": "Affichage libre",
        "notes": "Monté",
        "street_view": "https://www.google.com/maps/@47.18718430980979,-1.58680796590864,3a,75y,0h,90t/data=!3m4!1e1!3m2!1s!2e0"
      }
    },
    {
      "type": "Feature",
      "geometry": {
        "type": "Point",
        "coordinates": [
          -1.7223733633199103,
          47.169597207809616
        ]
      },
      "properties": {
        "id": "AL_NM_04_0001",
        "name": "Place de la Mairie (sur façade)",
        "city": "Brains",
        "type": "Affichage libre",
        "notes": "Monté",
        "street_view": "https://www.google.com/maps/@47.169597207809616,-1.7223733633199103,3a,75y,0h,90t/data=!3m4!1e1!3m2!1s!2e0"
      }
    },
    {
      "type": "Feature",
      "geometry": {
        "type": "Point",
        "coordinates": [
          -1.669588089903807,
          47.18424105749321
        ]
      },
      "properties": {
        "id": "AL_NM_03_0016",
        "name": "Rue des Coteaux (Parking angle Rue Haie d’Anchteau)",
        "city": "Bouguenais",
        "type": "Affichage libre",
        "notes": "Monté",
        "street_view": "https://www.google.com/maps/@47.18424105749321,-1.669588089903807,3a,75y,0h,90t/data=!3m4!1e1!3m2!1s!2e0"
      }
    },
    {
      "type": "Feature",
      "geometry": {
        "type": "Point",
        "coordinates": [
          -1.692088651397751,
          47.193693200515554
        ]
      },
      "properties": {
        "id": "AL_NM_09_0008",
        "name": "Rue de Bel Air (face au 3)",
        "city": "La Montagne",
        "type": "Affichage libre",
        "notes": "Monté",
        "street_view": "https://www.google.com/maps/@47.193693200515554,-1.692088651397751,3a,75y,0h,90t/data=!3m4!1e1!3m2!1s!2e0"
      }
    },
    {
      "type": "Feature",
      "geometry": {
        "type": "Point",
        "coordinates": [
          -1.679018410506374,
          47.180295841735145
        ]
      },
      "properties": {
        "id": "AL_NM_09_0012",
        "name": "rue Jean Mermoz (Rue du Drouillard)",
        "city": "La Montagne",
        "type": "Affichage libre",
        "notes": "Monté",
        "street_view": "https://www.google.com/maps/@47.180295841735145,-1.679018410506374,3a,75y,0h,90t/data=!3m4!1e1!3m2!1s!2e0"
      }
    },
    {
      "type": "Feature",
      "geometry": {
        "type": "Point",
        "coordinates": [
          -1.6831655989890295,
          47.18907771928773
        ]
      },
      "properties": {
        "id": "AL_NM_09_0015",
        "name": "Rue de Verdun (angle rue de la Paix)",
        "city": "La Montagne",
        "type": "Affichage libre",
        "notes": "Monté",
        "street_view": "https://www.google.com/maps/@47.18907771928773,-1.6831655989890295,3a,75y,0h,90t/data=!3m4!1e1!3m2!1s!2e0"
      }
    },
    {
      "type": "Feature",
      "geometry": {
        "type": "Point",
        "coordinates": [
          -1.4864774939784946,
          47.24918911506805
        ]
      },
      "properties": {
        "id": "AL_NM_21_0003",
        "name": "Place du Onze Novembre 1918",
        "city": "Sainte-Luce-sur-Loire",
        "type": "Affichage libre",
        "notes": "Monté",
        "street_view": "https://www.google.com/maps/@47.24918911506805,-1.4864774939784946,3a,75y,0h,90t/data=!3m4!1e1!3m2!1s!2e0"
      }
    },
    {
      "type": "Feature",
      "geometry": {
        "type": "Point",
        "coordinates": [
          -1.393814896544483,
          47.29737812925959
        ]
      },
      "properties": {
        "id": "AL_NM_12_0006",
        "name": "Rue du Carteron",
        "city": "Mauves-sur-Loire",
        "type": "Affichage libre",
        "notes": "Supprimé",
        "street_view": "https://www.google.com/maps/@47.29737812925959,-1.393814896544483,3a,75y,0h,90t/data=!3m4!1e1!3m2!1s!2e0"
      }
    },
    {
      "type": "Feature",
      "geometry": {
        "type": "Point",
        "coordinates": [
          -1.6961770561370648,
          47.19218497702402
        ]
      },
      "properties": {
        "id": "AL_NM_18_0006",
        "name": "Rue des Remparts (angle rue du Chat qui guette)",
        "city": "Saint-Jean-de-Boiseau",
        "type": "Affichage libre",
        "notes": "Monté",
        "street_view": "https://www.google.com/maps/@47.19218497702402,-1.6961770561370648,3a,75y,0h,90t/data=!3m4!1e1!3m2!1s!2e0"
      }
    },
    {
      "type": "Feature",
      "geometry": {
        "type": "Point",
        "coordinates": [
          -1.4395213226945553,
          47.267523227692294
        ]
      },
      "properties": {
        "id": "AL_NM_23_0002",
        "name": "Rue de Mauves (hotel de ville)",
        "city": "Thouaré-sur-Loire",
        "type": "Affichage libre",
        "notes": "Monté",
        "street_view": "https://www.google.com/maps/@47.267523227692294,-1.4395213226945553,3a,75y,0h,90t/data=!3m4!1e1!3m2!1s!2e0"
      }
    },
    {
      "type": "Feature",
      "geometry": {
        "type": "Point",
        "coordinates": [
          -1.719890876439899,
          47.21111153359816
        ]
      },
      "properties": {
        "id": "AL_NM_06_0033",
        "name": "Rue de la Frémondière",
        "city": "Couëron",
        "type": "Affichage libre",
        "notes": "Monté",
        "street_view": "https://www.google.com/maps/@47.21111153359816,-1.719890876439899,3a,75y,0h,90t/data=!3m4!1e1!3m2!1s!2e0"
      }
    },
    {
      "type": "Feature",
      "geometry": {
        "type": "Point",
        "coordinates": [
          -1.4532849638092202,
          47.17293852365436
        ]
      },
      "properties": {
        "id": "AL_NM_24_0011",
        "name": "Rue de la Billardière (angle Rue des Chaffauts)",
        "city": "Vertou",
        "type": "Affichage libre",
        "notes": "Monté",
        "street_view": "https://www.google.com/maps/@47.17293852365436,-1.4532849638092202,3a,75y,0h,90t/data=!3m4!1e1!3m2!1s!2e0"
      }
    },
    {
      "type": "Feature",
      "geometry": {
        "type": "Point",
        "coordinates": [
          -1.573454309331392,
          47.23030607981007
        ]
      },
      "properties": {
        "id": "AL_NM_13_0100",
        "name": "Boulevard Jean XXIII (Parking)",
        "city": "Nantes",
        "type": "Affichage libre",
        "notes": "Monté",
        "street_view": "https://www.google.com/maps/@47.23030607981007,-1.573454309331392,3a,75y,0h,90t/data=!3m4!1e1!3m2!1s!2e0"
      }
    },
    {
      "type": "Feature",
      "geometry": {
        "type": "Point",
        "coordinates": [
          -1.6621320894528762,
          47.15308694219379
        ]
      },
      "properties": {
        "id": "AL_NM_02_0004",
        "name": "Route de Bouguenais (au 27)",
        "city": "Bouaye",
        "type": "Affichage libre",
        "notes": "Monté",
        "street_view": "https://www.google.com/maps/@47.15308694219379,-1.6621320894528762,3a,75y,0h,90t/data=!3m4!1e1!3m2!1s!2e0"
      }
    },
    {
      "type": "Feature",
      "geometry": {
        "type": "Point",
        "coordinates": [
          -1.5210705941053728,
          47.28684626781613
        ]
      },
      "properties": {
        "id": "AL_NM_13_0198",
        "name": "Route de Gachet (IDAC / Angle chemin de Boisbonne)",
        "city": "Nantes",
        "type": "Affichage libre",
        "notes": "Monté",
        "street_view": "https://www.google.com/maps/@47.28684626781613,-1.5210705941053728,3a,75y,0h,90t/data=!3m4!1e1!3m2!1s!2e0"
      }
    },
    {
      "type": "Feature",
      "geometry": {
        "type": "Point",
        "coordinates": [
          -1.4864251024475825,
          47.27699332230637
        ]
      },
      "properties": {
        "id": "AL_NM_05_0004",
        "name": "Rue des Antilles (Angle Avenue de l'Arquebusier)",
        "city": "Carquefou",
        "type": "Affichage libre",
        "notes": "Monté",
        "street_view": "https://www.google.com/maps/@47.27699332230637,-1.4864251024475825,3a,75y,0h,90t/data=!3m4!1e1!3m2!1s!2e0"
      }
    },
    {
      "type": "Feature",
      "geometry": {
        "type": "Point",
        "coordinates": [
          -1.5519549236617374,
          47.18940688766462
        ]
      },
      "properties": {
        "id": "AL_NM_15_0014",
        "name": "Place du 8 Mai 1945 (angle Rue André Malraux)",
        "city": "Rezé",
        "type": "Affichage libre",
        "notes": "Monté",
        "street_view": "https://www.google.com/maps/@47.18940688766462,-1.5519549236617374,3a,75y,0h,90t/data=!3m4!1e1!3m2!1s!2e0"
      }
    },
    {
      "type": "Feature",
      "geometry": {
        "type": "Point",
        "coordinates": [
          -1.6201029429224292,
          47.218822801581865
        ]
      },
      "properties": {
        "id": "AL_NM_17_0045",
        "name": "Rue Lucie Aubrac (angle boulevard Salvador Allende)",
        "city": "Saint-Herblain",
        "type": "Affichage libre",
        "notes": "Monté",
        "street_view": "https://www.google.com/maps/@47.218822801581865,-1.6201029429224292,3a,75y,0h,90t/data=!3m4!1e1!3m2!1s!2e0"
      }
    },
    {
      "type": "Feature",
      "geometry": {
        "type": "Point",
        "coordinates": [
          -1.550822059401659,
          47.213082876469876
        ]
      },
      "properties": {
        "id": "AL_NM_13_0064",
        "name": "Rue des Olivettes (Allée Baco)",
        "city": "Nantes",
        "type": "Affichage libre",
        "notes": "Monté",
        "street_view": "https://www.google.com/maps/@47.213082876469876,-1.550822059401659,3a,75y,0h,90t/data=!3m4!1e1!3m2!1s!2e0"
      }
    },
    {
      "type": "Feature",
      "geometry": {
        "type": "Point",
        "coordinates": [
          -1.5728967474320446,
          47.21235426685086
        ]
      },
      "properties": {
        "id": "AL_NM_13_0083",
        "name": "Place Catinat (Angle Rue de la Motte Picquet)",
        "city": "Nantes",
        "type": "Affichage libre",
        "notes": "Démonté",
        "street_view": "https://www.google.com/maps/@47.21235426685086,-1.5728967474320446,3a,75y,0h,90t/data=!3m4!1e1!3m2!1s!2e0"
      }
    },
    {
      "type": "Feature",
      "geometry": {
        "type": "Point",
        "coordinates": [
          -1.5723587273054047,
          47.21439907060921
        ]
      },
      "properties": {
        "id": "AL_NM_13_0019",
        "name": "Rue de Gigant (Angle Rue Lamoricière)",
        "city": "Nantes",
        "type": "Affichage libre",
        "notes": "Monté",
        "street_view": "https://www.google.com/maps/@47.21439907060921,-1.5723587273054047,3a,75y,0h,90t/data=!3m4!1e1!3m2!1s!2e0"
      }
    },
    {
      "type": "Feature",
      "geometry": {
        "type": "Point",
        "coordinates": [
          -1.5628178339302516,
          47.218252918458134
        ]
      },
      "properties": {
        "id": "AL_NM_13_0022",
        "name": "Rue Faustin Hélie",
        "city": "Nantes",
        "type": "Affichage libre",
        "notes": "Monté",
        "street_view": "https://www.google.com/maps/@47.218252918458134,-1.5628178339302516,3a,75y,0h,90t/data=!3m4!1e1!3m2!1s!2e0"
      }
    },
    {
      "type": "Feature",
      "geometry": {
        "type": "Point",
        "coordinates": [
          -1.5749626778878534,
          47.21548163375358
        ]
      },
      "properties": {
        "id": "AL_NM_13_0027",
        "name": "Rue Lamartine (Angle Rue Desgrée du Lou)",
        "city": "Nantes",
        "type": "Affichage libre",
        "notes": "Monté",
        "street_view": "https://www.google.com/maps/@47.21548163375358,-1.5749626778878534,3a,75y,0h,90t/data=!3m4!1e1!3m2!1s!2e0"
      }
    },
    {
      "type": "Feature",
      "geometry": {
        "type": "Point",
        "coordinates": [
          -1.5584186898140449,
          47.215933775136016
        ]
      },
      "properties": {
        "id": "AL_NM_13_0028",
        "name": "Rue de l'Arche Sèche (Au 7)",
        "city": "Nantes",
        "type": "Affichage libre",
        "notes": "Monté",
        "street_view": "https://www.google.com/maps/@47.215933775136016,-1.5584186898140449,3a,75y,0h,90t/data=!3m4!1e1!3m2!1s!2e0"
      }
    },
    {
      "type": "Feature",
      "geometry": {
        "type": "Point",
        "coordinates": [
          -1.5628221904343722,
          47.214783312314054
        ]
      },
      "properties": {
        "id": "AL_NM_13_0039",
        "name": "Rue Lekain (Au 10)",
        "city": "Nantes",
        "type": "Affichage libre",
        "notes": "Monté",
        "street_view": "https://www.google.com/maps/@47.214783312314054,-1.5628221904343722,3a,75y,0h,90t/data=!3m4!1e1!3m2!1s!2e0"
      }
    },
    {
      "type": "Feature",
      "geometry": {
        "type": "Point",
        "coordinates": [
          -1.5779271451462156,
          47.20257026390259
        ]
      },
      "properties": {
        "id": "AL_NM_13_0061",
        "name": "Rue du Roi Baco (Angle rue de Misery)",
        "city": "Nantes",
        "type": "Affichage libre",
        "notes": "Monté",
        "street_view": "https://www.google.com/maps/@47.20257026390259,-1.5779271451462156,3a,75y,0h,90t/data=!3m4!1e1!3m2!1s!2e0"
      }
    },
    {
      "type": "Feature",
      "geometry": {
        "type": "Point",
        "coordinates": [
          -1.58587214739625,
          47.22217179710816
        ]
      },
      "properties": {
        "id": "AL_NM_13_0079",
        "name": "Boulevard Paul Chabas (Angle bd de  la Fraternité)",
        "city": "Nantes",
        "type": "Affichage libre",
        "notes": "Monté",
        "street_view": "https://www.google.com/maps/@47.22217179710816,-1.58587214739625,3a,75y,0h,90t/data=!3m4!1e1!3m2!1s!2e0"
      }
    },
    {
      "type": "Feature",
      "geometry": {
        "type": "Point",
        "coordinates": [
          -1.5853355868343877,
          47.21109403404286
        ]
      },
      "properties": {
        "id": "AL_NM_13_0086",
        "name": "Rue de la Montagne (Face au 84)",
        "city": "Nantes",
        "type": "Affichage libre",
        "notes": "Monté",
        "street_view": "https://www.google.com/maps/@47.21109403404286,-1.5853355868343877,3a,75y,0h,90t/data=!3m4!1e1!3m2!1s!2e0"
      }
    },
    {
      "type": "Feature",
      "geometry": {
        "type": "Point",
        "coordinates": [
          -1.5675972582413396,
          47.22676330475912
        ]
      },
      "properties": {
        "id": "AL_NM_13_0102",
        "name": "Rue Alphonse Daudet (Rue Ernest Legouvé)",
        "city": "Nantes",
        "type": "Affichage libre",
        "notes": "Monté",
        "street_view": "https://www.google.com/maps/@47.22676330475912,-1.5675972582413396,3a,75y,0h,90t/data=!3m4!1e1!3m2!1s!2e0"
      }
    },
    {
      "type": "Feature",
      "geometry": {
        "type": "Point",
        "coordinates": [
          -1.583273204354412,
          47.23178583459648
        ]
      },
      "properties": {
        "id": "AL_NM_13_0122",
        "name": "Rue Georges Méliès (Angle Rue de Malville)",
        "city": "Nantes",
        "type": "Affichage libre",
        "notes": "Monté",
        "street_view": "https://www.google.com/maps/@47.23178583459648,-1.583273204354412,3a,75y,0h,90t/data=!3m4!1e1!3m2!1s!2e0"
      }
    },
    {
      "type": "Feature",
      "geometry": {
        "type": "Point",
        "coordinates": [
          -1.5483104251988469,
          47.222732750885825
        ]
      },
      "properties": {
        "id": "AL_NM_13_0152",
        "name": "Rue Henri Cochard (Angle Rue Bonnefoy)",
        "city": "Nantes",
        "type": "Affichage libre",
        "notes": "Monté",
        "street_view": "https://www.google.com/maps/@47.222732750885825,-1.5483104251988469,3a,75y,0h,90t/data=!3m4!1e1!3m2!1s!2e0"
      }
    },
    {
      "type": "Feature",
      "geometry": {
        "type": "Point",
        "coordinates": [
          -1.5467237058133758,
          47.224551532751654
        ]
      },
      "properties": {
        "id": "AL_NM_13_0156",
        "name": "Avenue Chanzy (Angle Rue A Ronarc’h)",
        "city": "Nantes",
        "type": "Affichage libre",
        "notes": "Monté",
        "street_view": "https://www.google.com/maps/@47.224551532751654,-1.5467237058133758,3a,75y,0h,90t/data=!3m4!1e1!3m2!1s!2e0"
      }
    },
    {
      "type": "Feature",
      "geometry": {
        "type": "Point",
        "coordinates": [
          -1.538428460058998,
          47.22411011430912
        ]
      },
      "properties": {
        "id": "AL_NM_13_0158",
        "name": "Rue de Coulmiers (Angle Rue du Pipay)",
        "city": "Nantes",
        "type": "Affichage libre",
        "notes": "Monté",
        "street_view": "https://www.google.com/maps/@47.22411011430912,-1.538428460058998,3a,75y,0h,90t/data=!3m4!1e1!3m2!1s!2e0"
      }
    },
    {
      "type": "Feature",
      "geometry": {
        "type": "Point",
        "coordinates": [
          -1.52923071565612,
          47.22874209407996
        ]
      },
      "properties": {
        "id": "AL_NM_13_0169",
        "name": "Rue André Baugé (Angle Rue Casterneau)",
        "city": "Nantes",
        "type": "Affichage libre",
        "notes": "Monté",
        "street_view": "https://www.google.com/maps/@47.22874209407996,-1.52923071565612,3a,75y,0h,90t/data=!3m4!1e1!3m2!1s!2e0"
      }
    },
    {
      "type": "Feature",
      "geometry": {
        "type": "Point",
        "coordinates": [
          -1.5341037984989512,
          47.200513696283984
        ]
      },
      "properties": {
        "id": "AL_NM_13_0001",
        "name": "Côte Saint Sébastien (sous pt G. Clémenceau)",
        "city": "Nantes",
        "type": "Affichage libre",
        "notes": "Monté",
        "street_view": "https://www.google.com/maps/@47.200513696283984,-1.5341037984989512,3a,75y,0h,90t/data=!3m4!1e1!3m2!1s!2e0"
      }
    },
    {
      "type": "Feature",
      "geometry": {
        "type": "Point",
        "coordinates": [
          -1.6591100825102743,
          47.246014540085305
        ]
      },
      "properties": {
        "id": "AL_NM_06_0016",
        "name": "Brimberne",
        "city": "Couëron",
        "type": "Affichage libre",
        "notes": "Monté",
        "street_view": "https://www.google.com/maps/@47.246014540085305,-1.6591100825102743,3a,75y,0h,90t/data=!3m4!1e1!3m2!1s!2e0"
      }
    },
    {
      "type": "Feature",
      "geometry": {
        "type": "Point",
        "coordinates": [
          -1.5278142939578125,
          47.196107402796244
        ]
      },
      "properties": {
        "id": "AL_NM_13_0012",
        "name": "Rue Bonne Garde (Angle Rue Hendaye)",
        "city": "Nantes",
        "type": "Affichage libre",
        "notes": "Monté",
        "street_view": "https://www.google.com/maps/@47.196107402796244,-1.5278142939578125,3a,75y,0h,90t/data=!3m4!1e1!3m2!1s!2e0"
      }
    },
    {
      "type": "Feature",
      "geometry": {
        "type": "Point",
        "coordinates": [
          -1.57852638739841,
          47.25931776718114
        ]
      },
      "properties": {
        "id": "AL_NM_13_0129",
        "name": "Avenue du Bout des Landes (Angle Rue de Vancouver)",
        "city": "Nantes",
        "type": "Affichage libre",
        "notes": "Monté",
        "street_view": "https://www.google.com/maps/@47.25931776718114,-1.57852638739841,3a,75y,0h,90t/data=!3m4!1e1!3m2!1s!2e0"
      }
    },
    {
      "type": "Feature",
      "geometry": {
        "type": "Point",
        "coordinates": [
          -1.54626609510229,
          47.252316609100845
        ]
      },
      "properties": {
        "id": "AL_NM_13_0140",
        "name": "Route de la Jonelière (Angle Av du Sequoia)",
        "city": "Nantes",
        "type": "Affichage libre",
        "notes": "Monté",
        "street_view": "https://www.google.com/maps/@47.252316609100845,-1.54626609510229,3a,75y,0h,90t/data=!3m4!1e1!3m2!1s!2e0"
      }
    },
    {
      "type": "Feature",
      "geometry": {
        "type": "Point",
        "coordinates": [
          -1.5403088100031876,
          47.2540979973607
        ]
      },
      "properties": {
        "id": "AL_NM_13_0139",
        "name": "Quai de la Jonelière (Au 11bis)",
        "city": "Nantes",
        "type": "Affichage libre",
        "notes": "Monté",
        "street_view": "https://www.google.com/maps/@47.2540979973607,-1.5403088100031876,3a,75y,0h,90t/data=!3m4!1e1!3m2!1s!2e0"
      }
    },
    {
      "type": "Feature",
      "geometry": {
        "type": "Point",
        "coordinates": [
          -1.524507354227786,
          47.245556624626744
        ]
      },
      "properties": {
        "id": "AL_NM_13_0193",
        "name": "Rue des Platanes (Angle Bd Jules Verne)",
        "city": "Nantes",
        "type": "Affichage libre",
        "notes": "Monté",
        "street_view": "https://www.google.com/maps/@47.245556624626744,-1.524507354227786,3a,75y,0h,90t/data=!3m4!1e1!3m2!1s!2e0"
      }
    },
    {
      "type": "Feature",
      "geometry": {
        "type": "Point",
        "coordinates": [
          -1.5328356565009418,
          47.19003246387237
        ]
      },
      "properties": {
        "id": "AL_NM_13_0196",
        "name": "Route de Vertou (Au 45)",
        "city": "Nantes",
        "type": "Affichage libre",
        "notes": "Monté",
        "street_view": "https://www.google.com/maps/@47.19003246387237,-1.5328356565009418,3a,75y,0h,90t/data=!3m4!1e1!3m2!1s!2e0"
      }
    },
    {
      "type": "Feature",
      "geometry": {
        "type": "Point",
        "coordinates": [
          -1.738486793882654,
          47.213789897273
        ]
      },
      "properties": {
        "id": "AL_NM_06_0027",
        "name": "Rue des Chardonnerets",
        "city": "Couëron",
        "type": "Affichage libre",
        "notes": "Monté",
        "street_view": "https://www.google.com/maps/@47.213789897273,-1.738486793882654,3a,75y,0h,90t/data=!3m4!1e1!3m2!1s!2e0"
      }
    },
    {
      "type": "Feature",
      "geometry": {
        "type": "Point",
        "coordinates": [
          -1.5359104617302166,
          47.23407504814428
        ]
      },
      "properties": {
        "id": "AL_NM_13_0218",
        "name": "Boulevard des Belges (angle Boulevard Jules Verne)",
        "city": "Nantes",
        "type": "Affichage libre",
        "notes": "Monté",
        "street_view": "https://www.google.com/maps/@47.23407504814428,-1.5359104617302166,3a,75y,0h,90t/data=!3m4!1e1!3m2!1s!2e0"
      }
    },
    {
      "type": "Feature",
      "geometry": {
        "type": "Point",
        "coordinates": [
          -1.563173848648278,
          47.18450684430387
        ]
      },
      "properties": {
        "id": "AL_NM_15_0003",
        "name": "Rue du Château de Rezé (angle Avenue de Vendée)",
        "city": "Rezé",
        "type": "Affichage libre",
        "notes": "Monté",
        "street_view": "https://www.google.com/maps/@47.18450684430387,-1.563173848648278,3a,75y,0h,90t/data=!3m4!1e1!3m2!1s!2e0"
      }
    },
    {
      "type": "Feature",
      "geometry": {
        "type": "Point",
        "coordinates": [
          -1.5463308375075184,
          47.1785407116838
        ]
      },
      "properties": {
        "id": "AL_NM_15_0007",
        "name": "Rue des Déportés (au 10)",
        "city": "Rezé",
        "type": "Affichage libre",
        "notes": "Monté",
        "street_view": "https://www.google.com/maps/@47.1785407116838,-1.5463308375075184,3a,75y,0h,90t/data=!3m4!1e1!3m2!1s!2e0"
      }
    },
    {
      "type": "Feature",
      "geometry": {
        "type": "Point",
        "coordinates": [
          -1.5603547870410004,
          47.195503806366794
        ]
      },
      "properties": {
        "id": "AL_NM_15_0022",
        "name": "Rue des Brêches (face au 3)",
        "city": "Rezé",
        "type": "Affichage libre",
        "notes": "Monté",
        "street_view": "https://www.google.com/maps/@47.195503806366794,-1.5603547870410004,3a,75y,0h,90t/data=!3m4!1e1!3m2!1s!2e0"
      }
    },
    {
      "type": "Feature",
      "geometry": {
        "type": "Point",
        "coordinates": [
          -1.5256465949128346,
          47.16792286962716
        ]
      },
      "properties": {
        "id": "AL_NM_15_0023",
        "name": "Rue de la Maillardière (face au n°81)",
        "city": "Rezé",
        "type": "Affichage libre",
        "notes": "Monté",
        "street_view": "https://www.google.com/maps/@47.16792286962716,-1.5256465949128346,3a,75y,0h,90t/data=!3m4!1e1!3m2!1s!2e0"
      }
    },
    {
      "type": "Feature",
      "geometry": {
        "type": "Point",
        "coordinates": [
          -1.56323130274262,
          47.190912036941015
        ]
      },
      "properties": {
        "id": "AL_NM_15_0027",
        "name": "Rue Henri Barbusse (angle Rue Emile Zola)",
        "city": "Rezé",
        "type": "Affichage libre",
        "notes": "Monté",
        "street_view": "https://www.google.com/maps/@47.190912036941015,-1.56323130274262,3a,75y,0h,90t/data=!3m4!1e1!3m2!1s!2e0"
      }
    },
    {
      "type": "Feature",
      "geometry": {
        "type": "Point",
        "coordinates": [
          -1.5361405696276587,
          47.18537694296866
        ]
      },
      "properties": {
        "id": "AL_NM_15_0029",
        "name": "Rue Jean Baptiste Vigier (au 134)",
        "city": "Rezé",
        "type": "Affichage libre",
        "notes": "Monté",
        "street_view": "https://www.google.com/maps/@47.18537694296866,-1.5361405696276587,3a,75y,0h,90t/data=!3m4!1e1!3m2!1s!2e0"
      }
    },
    {
      "type": "Feature",
      "geometry": {
        "type": "Point",
        "coordinates": [
          -1.6269063360810558,
          47.22082746699219
        ]
      },
      "properties": {
        "id": "AL_NM_17_0010",
        "name": "Rue Victor Schoelcher (angle Boulevard Salvador Allende)",
        "city": "Saint-Herblain",
        "type": "Affichage libre",
        "notes": "Monté",
        "street_view": "https://www.google.com/maps/@47.22082746699219,-1.6269063360810558,3a,75y,0h,90t/data=!3m4!1e1!3m2!1s!2e0"
      }
    },
    {
      "type": "Feature",
      "geometry": {
        "type": "Point",
        "coordinates": [
          -1.655606773734851,
          47.20672458986156
        ]
      },
      "properties": {
        "id": "AL_NM_17_0003",
        "name": "Allée de la Bourgonnière (giratoire après Piscine)",
        "city": "Saint-Herblain",
        "type": "Affichage libre",
        "notes": "Monté",
        "street_view": "https://www.google.com/maps/@47.20672458986156,-1.655606773734851,3a,75y,0h,90t/data=!3m4!1e1!3m2!1s!2e0"
      }
    },
    {
      "type": "Feature",
      "geometry": {
        "type": "Point",
        "coordinates": [
          -1.6225086170931073,
          47.22480336828901
        ]
      },
      "properties": {
        "id": "AL_NM_17_0011",
        "name": "Rue Christophe Colomb (coté Giratoire Ar Mor)",
        "city": "Saint-Herblain",
        "type": "Affichage libre",
        "notes": "Monté",
        "street_view": "https://www.google.com/maps/@47.22480336828901,-1.6225086170931073,3a,75y,0h,90t/data=!3m4!1e1!3m2!1s!2e0"
      }
    },
    {
      "type": "Feature",
      "geometry": {
        "type": "Point",
        "coordinates": [
          -1.6132299309896174,
          47.21129985878002
        ]
      },
      "properties": {
        "id": "AL_NM_17_0025",
        "name": "Rue de Saint Nazaire (angle rue de la Gironde)",
        "city": "Saint-Herblain",
        "type": "Affichage libre",
        "notes": "Monté",
        "street_view": "https://www.google.com/maps/@47.21129985878002,-1.6132299309896174,3a,75y,0h,90t/data=!3m4!1e1!3m2!1s!2e0"
      }
    },
    {
      "type": "Feature",
      "geometry": {
        "type": "Point",
        "coordinates": [
          -1.6182105537956981,
          47.22121709787167
        ]
      },
      "properties": {
        "id": "AL_NM_17_0022",
        "name": "Rue Jean Jaurès (face rue Benoit Frachon)",
        "city": "Saint-Herblain",
        "type": "Affichage libre",
        "notes": "Monté",
        "street_view": "https://www.google.com/maps/@47.22121709787167,-1.6182105537956981,3a,75y,0h,90t/data=!3m4!1e1!3m2!1s!2e0"
      }
    },
    {
      "type": "Feature",
      "geometry": {
        "type": "Point",
        "coordinates": [
          -1.6378489174050934,
          47.20819620612349
        ]
      },
      "properties": {
        "id": "AL_NM_17_0043",
        "name": "Rue du Docteur Boubée (face rue du Corlay)",
        "city": "Saint-Herblain",
        "type": "Affichage libre",
        "notes": "Monté",
        "street_view": "https://www.google.com/maps/@47.20819620612349,-1.6378489174050934,3a,75y,0h,90t/data=!3m4!1e1!3m2!1s!2e0"
      }
    },
    {
      "type": "Feature",
      "geometry": {
        "type": "Point",
        "coordinates": [
          -1.6152502526683123,
          47.238147377950945
        ]
      },
      "properties": {
        "id": "AL_NM_17_0047",
        "name": "Avenue Louis Guilloux (Bd du Val de Chézine)",
        "city": "Saint-Herblain",
        "type": "Affichage libre",
        "notes": "Monté",
        "street_view": "https://www.google.com/maps/@47.238147377950945,-1.6152502526683123,3a,75y,0h,90t/data=!3m4!1e1!3m2!1s!2e0"
      }
    },
    {
      "type": "Feature",
      "geometry": {
        "type": "Point",
        "coordinates": [
          -1.6405213151029245,
          47.212228674525534
        ]
      },
      "properties": {
        "id": "AL_NM_17_0044",
        "name": "Rue du Rocher (angle rue Noëlles Tesseries)",
        "city": "Saint-Herblain",
        "type": "Affichage libre",
        "notes": "Monté",
        "street_view": "https://www.google.com/maps/@47.212228674525534,-1.6405213151029245,3a,75y,0h,90t/data=!3m4!1e1!3m2!1s!2e0"
      }
    },
    {
      "type": "Feature",
      "geometry": {
        "type": "Point",
        "coordinates": [
          -1.5080432635009626,
          47.18909914339743
        ]
      },
      "properties": {
        "id": "AL_NM_20_0011",
        "name": "Route de Clisson (Au 199)",
        "city": "Saint-Sébastien-sur-Loire",
        "type": "Affichage libre",
        "notes": "Monté",
        "street_view": "https://www.google.com/maps/@47.18909914339743,-1.5080432635009626,3a,75y,0h,90t/data=!3m4!1e1!3m2!1s!2e0"
      }
    },
    {
      "type": "Feature",
      "geometry": {
        "type": "Point",
        "coordinates": [
          -1.578338551922972,
          47.16387397711001
        ]
      },
      "properties": {
        "id": "AL_NM_03_0004",
        "name": "Rue de Galheur (angle Rue des Genets)",
        "city": "Bouguenais",
        "type": "Affichage libre",
        "notes": "Monté",
        "street_view": "https://www.google.com/maps/@47.16387397711001,-1.578338551922972,3a,75y,0h,90t/data=!3m4!1e1!3m2!1s!2e0"
      }
    },
    {
      "type": "Feature",
      "geometry": {
        "type": "Point",
        "coordinates": [
          -1.6354440033214073,
          47.17312356798174
        ]
      },
      "properties": {
        "id": "AL_NM_03_0007",
        "name": "Rue de la Bouguinière (angle Chemin du Puits)",
        "city": "Bouguenais",
        "type": "Affichage libre",
        "notes": "Monté",
        "street_view": "https://www.google.com/maps/@47.17312356798174,-1.6354440033214073,3a,75y,0h,90t/data=!3m4!1e1!3m2!1s!2e0"
      }
    },
    {
      "type": "Feature",
      "geometry": {
        "type": "Point",
        "coordinates": [
          -1.6920146372226077,
          47.22607802481502
        ]
      },
      "properties": {
        "id": "AL_NM_06_0004",
        "name": "Route du Champ de Pies (la Bazilière)",
        "city": "Couëron",
        "type": "Affichage libre",
        "notes": "Monté",
        "street_view": "https://www.google.com/maps/@47.22607802481502,-1.6920146372226077,3a,75y,0h,90t/data=!3m4!1e1!3m2!1s!2e0"
      }
    },
    {
      "type": "Feature",
      "geometry": {
        "type": "Point",
        "coordinates": [
          -1.7305297136625561,
          47.20951153156247
        ]
      },
      "properties": {
        "id": "AL_NM_06_0021",
        "name": "Quai du Commandant Lucas",
        "city": "Couëron",
        "type": "Affichage libre",
        "notes": "Monté",
        "street_view": "https://www.google.com/maps/@47.20951153156247,-1.7305297136625561,3a,75y,0h,90t/data=!3m4!1e1!3m2!1s!2e0"
      }
    },
    {
      "type": "Feature",
      "geometry": {
        "type": "Point",
        "coordinates": [
          -1.4656358874343436,
          47.21016923161331
        ]
      },
      "properties": {
        "id": "AL_NM_01_0001",
        "name": "Rue de la Champagnère (Parking école Champagnere)",
        "city": "Basse-Goulaine",
        "type": "Affichage libre",
        "notes": "Monté",
        "street_view": "https://www.google.com/maps/@47.21016923161331,-1.4656358874343436,3a,75y,0h,90t/data=!3m4!1e1!3m2!1s!2e0"
      }
    },
    {
      "type": "Feature",
      "geometry": {
        "type": "Point",
        "coordinates": [
          -1.6964508649988093,
          47.217533010803166
        ]
      },
      "properties": {
        "id": "AL_NM_06_0036",
        "name": "Rue de Trévellec (angle Rue de la Lionnière)",
        "city": "Couëron",
        "type": "Affichage libre",
        "notes": "Monté",
        "street_view": "https://www.google.com/maps/@47.217533010803166,-1.6964508649988093,3a,75y,0h,90t/data=!3m4!1e1!3m2!1s!2e0"
      }
    },
    {
      "type": "Feature",
      "geometry": {
        "type": "Point",
        "coordinates": [
          -1.7592478928964022,
          47.20130610252132
        ]
      },
      "properties": {
        "id": "AL_NM_10_0002",
        "name": "Rue du Port Chassé (Au 1 bis)",
        "city": "Le Pellerin",
        "type": "Affichage libre",
        "notes": "Monté",
        "street_view": "https://www.google.com/maps/@47.20130610252132,-1.7592478928964022,3a,75y,0h,90t/data=!3m4!1e1!3m2!1s!2e0"
      }
    },
    {
      "type": "Feature",
      "geometry": {
        "type": "Point",
        "coordinates": [
          -1.6920645255386717,
          47.18968564762758
        ]
      },
      "properties": {
        "id": "AL_NM_09_0002",
        "name": "Rue de la Briandière (Au 35 sur façade privé)",
        "city": "La Montagne",
        "type": "Affichage libre",
        "notes": "Supprimé",
        "street_view": "https://www.google.com/maps/@47.18968564762758,-1.6920645255386717,3a,75y,0h,90t/data=!3m4!1e1!3m2!1s!2e0"
      }
    },
    {
      "type": "Feature",
      "geometry": {
        "type": "Point",
        "coordinates": [
          -1.695452482973553,
          47.19203522021579
        ]
      },
      "properties": {
        "id": "AL_NM_09_0001",
        "name": "Rue du Bac (proche Rd Pt)",
        "city": "La Montagne",
        "type": "Affichage libre",
        "notes": "Monté",
        "street_view": "https://www.google.com/maps/@47.19203522021579,-1.695452482973553,3a,75y,0h,90t/data=!3m4!1e1!3m2!1s!2e0"
      }
    },
    {
      "type": "Feature",
      "geometry": {
        "type": "Point",
        "coordinates": [
          -1.6833745290226991,
          47.19098003740541
        ]
      },
      "properties": {
        "id": "AL_NM_09_0010",
        "name": "Rue Violin (Au 51 côté parking)",
        "city": "La Montagne",
        "type": "Affichage libre",
        "notes": "Monté",
        "street_view": "https://www.google.com/maps/@47.19098003740541,-1.6833745290226991,3a,75y,0h,90t/data=!3m4!1e1!3m2!1s!2e0"
      }
    },
    {
      "type": "Feature",
      "geometry": {
        "type": "Point",
        "coordinates": [
          -1.6406916667868556,
          47.12906719326414
        ]
      },
      "properties": {
        "id": "AL_NM_16_0006",
        "name": "Rue des Quarterons (Au 15)",
        "city": "Saint-Aignan de Grand Lieu",
        "type": "Affichage libre",
        "notes": "Monté",
        "street_view": "https://www.google.com/maps/@47.12906719326414,-1.6406916667868556,3a,75y,0h,90t/data=!3m4!1e1!3m2!1s!2e0"
      }
    },
    {
      "type": "Feature",
      "geometry": {
        "type": "Point",
        "coordinates": [
          -1.6310931099721615,
          47.14381942299215
        ]
      },
      "properties": {
        "id": "AL_NM_16_0008",
        "name": "Route des Ecobuts (face au 24)",
        "city": "Saint-Aignan de Grand Lieu",
        "type": "Affichage libre",
        "notes": "Monté",
        "street_view": "https://www.google.com/maps/@47.14381942299215,-1.6310931099721615,3a,75y,0h,90t/data=!3m4!1e1!3m2!1s!2e0"
      }
    },
    {
      "type": "Feature",
      "geometry": {
        "type": "Point",
        "coordinates": [
          -1.748590112542837,
          47.18964080226145
        ]
      },
      "properties": {
        "id": "AL_NM_18_0002",
        "name": "Rue du Surchaud (face rue des Celliers)",
        "city": "Saint-Jean-de-Boiseau",
        "type": "Affichage libre",
        "notes": "Monté",
        "street_view": "https://www.google.com/maps/@47.18964080226145,-1.748590112542837,3a,75y,0h,90t/data=!3m4!1e1!3m2!1s!2e0"
      }
    },
    {
      "type": "Feature",
      "geometry": {
        "type": "Point",
        "coordinates": [
          -1.4461979402188772,
          47.26221608357272
        ]
      },
      "properties": {
        "id": "AL_NM_23_0004",
        "name": "Rue de Nantes (face au super U)",
        "city": "Thouaré-sur-Loire",
        "type": "Affichage libre",
        "notes": "Monté",
        "street_view": "https://www.google.com/maps/@47.26221608357272,-1.4461979402188772,3a,75y,0h,90t/data=!3m4!1e1!3m2!1s!2e0"
      }
    },
    {
      "type": "Feature",
      "geometry": {
        "type": "Point",
        "coordinates": [
          -1.7355173414876182,
          47.21245344185201
        ]
      },
      "properties": {
        "id": "AL_NM_06_0032",
        "name": "Boulevard Francois Blancho",
        "city": "Couëron",
        "type": "Affichage libre",
        "notes": "Monté",
        "street_view": "https://www.google.com/maps/@47.21245344185201,-1.7355173414876182,3a,75y,0h,90t/data=!3m4!1e1!3m2!1s!2e0"
      }
    },
    {
      "type": "Feature",
      "geometry": {
        "type": "Point",
        "coordinates": [
          -1.5211755474751723,
          47.17680925765047
        ]
      },
      "properties": {
        "id": "AL_NM_24_0014",
        "name": "Rue de la Rousselière (angle rue de la Croix)",
        "city": "Vertou",
        "type": "Affichage libre",
        "notes": "Monté",
        "street_view": "https://www.google.com/maps/@47.17680925765047,-1.5211755474751723,3a,75y,0h,90t/data=!3m4!1e1!3m2!1s!2e0"
      }
    },
    {
      "type": "Feature",
      "geometry": {
        "type": "Point",
        "coordinates": [
          -1.5878960329481642,
          47.21292574804795
        ]
      },
      "properties": {
        "id": "AL_NM_13_0075",
        "name": "Rue Danton (parking face au 41)",
        "city": "Nantes",
        "type": "Affichage libre",
        "notes": "Monté",
        "street_view": "https://www.google.com/maps/@47.21292574804795,-1.5878960329481642,3a,75y,0h,90t/data=!3m4!1e1!3m2!1s!2e0"
      }
    },
    {
      "type": "Feature",
      "geometry": {
        "type": "Point",
        "coordinates": [
          -1.5507483590225377,
          47.30113274685832
        ]
      },
      "properties": {
        "id": "AL_NM_08_0001",
        "name": "Rue Jean Jaurès (Au 17)",
        "city": "La Chapelle-sur-Erdre",
        "type": "Affichage libre",
        "notes": "Démonté",
        "street_view": "https://www.google.com/maps/@47.30113274685832,-1.5507483590225377,3a,75y,0h,90t/data=!3m4!1e1!3m2!1s!2e0"
      }
    },
    {
      "type": "Feature",
      "geometry": {
        "type": "Point",
        "coordinates": [
          -1.5025381419281638,
          47.23670407940174
        ]
      },
      "properties": {
        "id": "AL_NM_13_0185",
        "name": "Rue de la Papotière (Au 11)",
        "city": "Nantes",
        "type": "Affichage libre",
        "notes": "Démonté",
        "street_view": "https://www.google.com/maps/@47.23670407940174,-1.5025381419281638,3a,75y,0h,90t/data=!3m4!1e1!3m2!1s!2e0"
      }
    },
    {
      "type": "Feature",
      "geometry": {
        "type": "Point",
        "coordinates": [
          -1.613744895602971,
          47.218821232200895
        ]
      },
      "properties": {
        "id": "AL_NM_17_0021",
        "name": "Rue Pablo Néruda (au 11)",
        "city": "Saint-Herblain",
        "type": "Affichage libre",
        "notes": "Monté",
        "street_view": "https://www.google.com/maps/@47.218821232200895,-1.613744895602971,3a,75y,0h,90t/data=!3m4!1e1!3m2!1s!2e0"
      }
    },
    {
      "type": "Feature",
      "geometry": {
        "type": "Point",
        "coordinates": [
          -1.4918469065807956,
          47.299567591035455
        ]
      },
      "properties": {
        "id": "AL_NM_05_0002",
        "name": "Rue Charles de Gaulle (Angle Rue Georges Clemenceau)",
        "city": "Carquefou",
        "type": "Affichage libre",
        "notes": "Monté",
        "street_view": "https://www.google.com/maps/@47.299567591035455,-1.4918469065807956,3a,75y,0h,90t/data=!3m4!1e1!3m2!1s!2e0"
      }
    },
    {
      "type": "Feature",
      "geometry": {
        "type": "Point",
        "coordinates": [
          -1.5583592116924008,
          47.220441434610315
        ]
      },
      "properties": {
        "id": "AL_NM_13_0034",
        "name": "Rue Jeanne d'Arc (Face au 41)",
        "city": "Nantes",
        "type": "Affichage libre",
        "notes": "Monté",
        "street_view": "https://www.google.com/maps/@47.220441434610315,-1.5583592116924008,3a,75y,0h,90t/data=!3m4!1e1!3m2!1s!2e0"
      }
    },
    {
      "type": "Feature",
      "geometry": {
        "type": "Point",
        "coordinates": [
          -1.5691808876215134,
          47.21432665797465
        ]
      },
      "properties": {
        "id": "AL_NM_13_0020",
        "name": "Rue de Gigant (angle Rue Huchette)",
        "city": "Nantes",
        "type": "Affichage libre",
        "notes": "Monté",
        "street_view": "https://www.google.com/maps/@47.21432665797465,-1.5691808876215134,3a,75y,0h,90t/data=!3m4!1e1!3m2!1s!2e0"
      }
    },
    {
      "type": "Feature",
      "geometry": {
        "type": "Point",
        "coordinates": [
          -1.5913677623069091,
          47.19926953632041
        ]
      },
      "properties": {
        "id": "AL_NM_13_0055",
        "name": "Rue des Réformes (Au 14)",
        "city": "Nantes",
        "type": "Affichage libre",
        "notes": "Monté",
        "street_view": "https://www.google.com/maps/@47.19926953632041,-1.5913677623069091,3a,75y,0h,90t/data=!3m4!1e1!3m2!1s!2e0"
      }
    },
    {
      "type": "Feature",
      "geometry": {
        "type": "Point",
        "coordinates": [
          -1.5772923239419403,
          47.2196808439936
        ]
      },
      "properties": {
        "id": "AL_NM_13_0080",
        "name": "Rue Bouchaud (Au 68)",
        "city": "Nantes",
        "type": "Affichage libre",
        "notes": "Monté",
        "street_view": "https://www.google.com/maps/@47.2196808439936,-1.5772923239419403,3a,75y,0h,90t/data=!3m4!1e1!3m2!1s!2e0"
      }
    },
    {
      "type": "Feature",
      "geometry": {
        "type": "Point",
        "coordinates": [
          -1.5980353181071836,
          47.22334840853741
        ]
      },
      "properties": {
        "id": "AL_NM_13_0068",
        "name": "Place des Dervallières",
        "city": "Nantes",
        "type": "Affichage libre",
        "notes": "Monté",
        "street_view": "https://www.google.com/maps/@47.22334840853741,-1.5980353181071836,3a,75y,0h,90t/data=!3m4!1e1!3m2!1s!2e0"
      }
    },
    {
      "type": "Feature",
      "geometry": {
        "type": "Point",
        "coordinates": [
          -1.5845305121768756,
          47.21201311678346
        ]
      },
      "properties": {
        "id": "AL_NM_13_0085",
        "name": "Rue Ampère (Face au 18)",
        "city": "Nantes",
        "type": "Affichage libre",
        "notes": "Monté",
        "street_view": "https://www.google.com/maps/@47.21201311678346,-1.5845305121768756,3a,75y,0h,90t/data=!3m4!1e1!3m2!1s!2e0"
      }
    },
    {
      "type": "Feature",
      "geometry": {
        "type": "Point",
        "coordinates": [
          -1.5772762652444485,
          47.21277307333347
        ]
      },
      "properties": {
        "id": "AL_NM_13_0089",
        "name": "Rue Richer (Angle Rue de la Ville aux Bois)",
        "city": "Nantes",
        "type": "Affichage libre",
        "notes": "Monté",
        "street_view": "https://www.google.com/maps/@47.21277307333347,-1.5772762652444485,3a,75y,0h,90t/data=!3m4!1e1!3m2!1s!2e0"
      }
    },
    {
      "type": "Feature",
      "geometry": {
        "type": "Point",
        "coordinates": [
          -1.572719546689604,
          47.221691431248736
        ]
      },
      "properties": {
        "id": "AL_NM_13_0101",
        "name": "Rue Alexandre Dumas (Face au 14)",
        "city": "Nantes",
        "type": "Affichage libre",
        "notes": "Monté",
        "street_view": "https://www.google.com/maps/@47.221691431248736,-1.572719546689604,3a,75y,0h,90t/data=!3m4!1e1!3m2!1s!2e0"
      }
    },
    {
      "type": "Feature",
      "geometry": {
        "type": "Point",
        "coordinates": [
          -1.5591437732535387,
          47.22358297754253
        ]
      },
      "properties": {
        "id": "AL_NM_13_0110",
        "name": "Rue de Bel Air (Face au 51)",
        "city": "Nantes",
        "type": "Affichage libre",
        "notes": "Monté",
        "street_view": "https://www.google.com/maps/@47.22358297754253,-1.5591437732535387,3a,75y,0h,90t/data=!3m4!1e1!3m2!1s!2e0"
      }
    },
    {
      "type": "Feature",
      "geometry": {
        "type": "Point",
        "coordinates": [
          -1.5697902732150477,
          47.21831295984293
        ]
      },
      "properties": {
        "id": "AL_NM_13_0114",
        "name": "Avenue Camus (Angle Rue Mondésir)",
        "city": "Nantes",
        "type": "Affichage libre",
        "notes": "Monté",
        "street_view": "https://www.google.com/maps/@47.21831295984293,-1.5697902732150477,3a,75y,0h,90t/data=!3m4!1e1!3m2!1s!2e0"
      }
    },
    {
      "type": "Feature",
      "geometry": {
        "type": "Point",
        "coordinates": [
          -1.5352078572382184,
          47.22040347902723
        ]
      },
      "properties": {
        "id": "AL_NM_13_0157",
        "name": "Rue de Coulmiers (Au 10)",
        "city": "Nantes",
        "type": "Affichage libre",
        "notes": "Monté",
        "street_view": "https://www.google.com/maps/@47.22040347902723,-1.5352078572382184,3a,75y,0h,90t/data=!3m4!1e1!3m2!1s!2e0"
      }
    },
    {
      "type": "Feature",
      "geometry": {
        "type": "Point",
        "coordinates": [
          -1.5556739378666586,
          47.29532317962819
        ]
      },
      "properties": {
        "id": "AL_NM_08_0012",
        "name": "Rue Mendès France (Angle Rue Hautière)",
        "city": "La Chapelle-sur-Erdre",
        "type": "Affichage libre",
        "notes": "Monté",
        "street_view": "https://www.google.com/maps/@47.29532317962819,-1.5556739378666586,3a,75y,0h,90t/data=!3m4!1e1!3m2!1s!2e0"
      }
    },
    {
      "type": "Feature",
      "geometry": {
        "type": "Point",
        "coordinates": [
          -1.5344032561127354,
          47.19204629928239
        ]
      },
      "properties": {
        "id": "AL_NM_13_0007",
        "name": "Rue de la Ripossière (face au 69)",
        "city": "Nantes",
        "type": "Affichage libre",
        "notes": "Monté",
        "street_view": "https://www.google.com/maps/@47.19204629928239,-1.5344032561127354,3a,75y,0h,90t/data=!3m4!1e1!3m2!1s!2e0"
      }
    },
    {
      "type": "Feature",
      "geometry": {
        "type": "Point",
        "coordinates": [
          -1.5311438091791907,
          47.19956429480612
        ]
      },
      "properties": {
        "id": "AL_NM_13_0002",
        "name": "Route de Saint Sébastien (face au 31)",
        "city": "Nantes",
        "type": "Affichage libre",
        "notes": "Monté",
        "street_view": "https://www.google.com/maps/@47.19956429480612,-1.5311438091791907,3a,75y,0h,90t/data=!3m4!1e1!3m2!1s!2e0"
      }
    },
    {
      "type": "Feature",
      "geometry": {
        "type": "Point",
        "coordinates": [
          -1.58101939139986,
          47.264993951042534
        ]
      },
      "properties": {
        "id": "AL_NM_13_0128",
        "name": "Avenue du Bout des Landes (Angle Av du Point du Jour)",
        "city": "Nantes",
        "type": "Affichage libre",
        "notes": "Monté",
        "street_view": "https://www.google.com/maps/@47.264993951042534,-1.58101939139986,3a,75y,0h,90t/data=!3m4!1e1!3m2!1s!2e0"
      }
    },
    {
      "type": "Feature",
      "geometry": {
        "type": "Point",
        "coordinates": [
          -1.5760032737112188,
          47.25539179555467
        ]
      },
      "properties": {
        "id": "AL_NM_13_0130",
        "name": "Route de la Chapelle Sur Erdre (Face au 19)",
        "city": "Nantes",
        "type": "Affichage libre",
        "notes": "Monté",
        "street_view": "https://www.google.com/maps/@47.25539179555467,-1.5760032737112188,3a,75y,0h,90t/data=!3m4!1e1!3m2!1s!2e0"
      }
    },
    {
      "type": "Feature",
      "geometry": {
        "type": "Point",
        "coordinates": [
          -1.551781049698753,
          47.24520466702487
        ]
      },
      "properties": {
        "id": "AL_NM_13_0144",
        "name": "Chemin de la Censive du Tertre (Angle Pôle étudiant)",
        "city": "Nantes",
        "type": "Affichage libre",
        "notes": "Monté",
        "street_view": "https://www.google.com/maps/@47.24520466702487,-1.551781049698753,3a,75y,0h,90t/data=!3m4!1e1!3m2!1s!2e0"
      }
    },
    {
      "type": "Feature",
      "geometry": {
        "type": "Point",
        "coordinates": [
          -1.5673385031213394,
          47.2524951371343
        ]
      },
      "properties": {
        "id": "AL_NM_13_0141",
        "name": "Rue Paul Claudel (angle Rue André Gide)",
        "city": "Nantes",
        "type": "Affichage libre",
        "notes": "Monté",
        "street_view": "https://www.google.com/maps/@47.2524951371343,-1.5673385031213394,3a,75y,0h,90t/data=!3m4!1e1!3m2!1s!2e0"
      }
    },
    {
      "type": "Feature",
      "geometry": {
        "type": "Point",
        "coordinates": [
          -1.5479847562328601,
          47.22547973421719
        ]
      },
      "properties": {
        "id": "AL_NM_13_0148",
        "name": "Avenue Chanzy (Angle Rue Talma)",
        "city": "Nantes",
        "type": "Affichage libre",
        "notes": "Monté",
        "street_view": "https://www.google.com/maps/@47.22547973421719,-1.5479847562328601,3a,75y,0h,90t/data=!3m4!1e1!3m2!1s!2e0"
      }
    },
    {
      "type": "Feature",
      "geometry": {
        "type": "Point",
        "coordinates": [
          -1.5314638380658292,
          47.231630763466136
        ]
      },
      "properties": {
        "id": "AL_NM_13_0167",
        "name": "Rue des Chambelles (Angle Rue de l’Ouchette)",
        "city": "Nantes",
        "type": "Affichage libre",
        "notes": "Monté",
        "street_view": "https://www.google.com/maps/@47.231630763466136,-1.5314638380658292,3a,75y,0h,90t/data=!3m4!1e1!3m2!1s!2e0"
      }
    },
    {
      "type": "Feature",
      "geometry": {
        "type": "Point",
        "coordinates": [
          -1.5175256818862972,
          47.23199805414964
        ]
      },
      "properties": {
        "id": "AL_NM_13_0180",
        "name": "Rue du Landreau (Angle Chemin Vert)",
        "city": "Nantes",
        "type": "Affichage libre",
        "notes": "Monté",
        "street_view": "https://www.google.com/maps/@47.23199805414964,-1.5175256818862972,3a,75y,0h,90t/data=!3m4!1e1!3m2!1s!2e0"
      }
    },
    {
      "type": "Feature",
      "geometry": {
        "type": "Point",
        "coordinates": [
          -1.540953125829308,
          47.2421647078588
        ]
      },
      "properties": {
        "id": "AL_NM_13_0202",
        "name": "Rue du Port Boyer (Angle Chemin de l’Eraudière)",
        "city": "Nantes",
        "type": "Affichage libre",
        "notes": "Monté",
        "street_view": "https://www.google.com/maps/@47.2421647078588,-1.540953125829308,3a,75y,0h,90t/data=!3m4!1e1!3m2!1s!2e0"
      }
    },
    {
      "type": "Feature",
      "geometry": {
        "type": "Point",
        "coordinates": [
          -1.5383611094757266,
          47.24107195839545
        ]
      },
      "properties": {
        "id": "AL_NM_13_0205",
        "name": "Rue Jacques Duclos (Angle Rue du Port Boyer)",
        "city": "Nantes",
        "type": "Affichage libre",
        "notes": "Monté",
        "street_view": "https://www.google.com/maps/@47.24107195839545,-1.5383611094757266,3a,75y,0h,90t/data=!3m4!1e1!3m2!1s!2e0"
      }
    },
    {
      "type": "Feature",
      "geometry": {
        "type": "Point",
        "coordinates": [
          -1.5588781706336587,
          47.1777560883786
        ]
      },
      "properties": {
        "id": "AL_NM_15_0006",
        "name": "Rue de la Galarnière (Devant le gymnase)",
        "city": "Rezé",
        "type": "Affichage libre",
        "notes": "Monté",
        "street_view": "https://www.google.com/maps/@47.1777560883786,-1.5588781706336587,3a,75y,0h,90t/data=!3m4!1e1!3m2!1s!2e0"
      }
    },
    {
      "type": "Feature",
      "geometry": {
        "type": "Point",
        "coordinates": [
          -1.5438925275914164,
          47.20520127199071
        ]
      },
      "properties": {
        "id": "AL_NM_13_0233",
        "name": "Rue des Boires (Angle rue de Cochabamba)",
        "city": "Nantes",
        "type": "Affichage libre",
        "notes": "Monté",
        "street_view": "https://www.google.com/maps/@47.20520127199071,-1.5438925275914164,3a,75y,0h,90t/data=!3m4!1e1!3m2!1s!2e0"
      }
    },
    {
      "type": "Feature",
      "geometry": {
        "type": "Point",
        "coordinates": [
          -1.5365284468439253,
          47.180329104286045
        ]
      },
      "properties": {
        "id": "AL_NM_15_0010",
        "name": "Rue Maurice Lagathu (face au 4)",
        "city": "Rezé",
        "type": "Affichage libre",
        "notes": "Monté",
        "street_view": "https://www.google.com/maps/@47.180329104286045,-1.5365284468439253,3a,75y,0h,90t/data=!3m4!1e1!3m2!1s!2e0"
      }
    },
    {
      "type": "Feature",
      "geometry": {
        "type": "Point",
        "coordinates": [
          -1.542279608632408,
          47.165076135181884
        ]
      },
      "properties": {
        "id": "AL_NM_15_0013",
        "name": "Rue du Vivier (angle rue Ernest Sauvestre)",
        "city": "Rezé",
        "type": "Affichage libre",
        "notes": "Monté",
        "street_view": "https://www.google.com/maps/@47.165076135181884,-1.542279608632408,3a,75y,0h,90t/data=!3m4!1e1!3m2!1s!2e0"
      }
    },
    {
      "type": "Feature",
      "geometry": {
        "type": "Point",
        "coordinates": [
          -1.521922461643328,
          47.1771936240932
        ]
      },
      "properties": {
        "id": "AL_NM_15_0011",
        "name": "Rue de la Vallée (angle Rue de la Chaussée)",
        "city": "Rezé",
        "type": "Affichage libre",
        "notes": "Monté",
        "street_view": "https://www.google.com/maps/@47.1771936240932,-1.521922461643328,3a,75y,0h,90t/data=!3m4!1e1!3m2!1s!2e0"
      }
    },
    {
      "type": "Feature",
      "geometry": {
        "type": "Point",
        "coordinates": [
          -1.545020186870966,
          47.18667231666447
        ]
      },
      "properties": {
        "id": "AL_NM_15_0028",
        "name": "Rue Guy Le Lan (entrée Théatre)",
        "city": "Rezé",
        "type": "Affichage libre",
        "notes": "Monté",
        "street_view": "https://www.google.com/maps/@47.18667231666447,-1.545020186870966,3a,75y,0h,90t/data=!3m4!1e1!3m2!1s!2e0"
      }
    },
    {
      "type": "Feature",
      "geometry": {
        "type": "Point",
        "coordinates": [
          -1.6729708886986443,
          47.263095705488105
        ]
      },
      "properties": {
        "id": "AL_NM_22_0001",
        "name": "Halle de la linière (Parking de la Gendarmerie)",
        "city": "Sautron",
        "type": "Affichage libre",
        "notes": "Monté",
        "street_view": "https://www.google.com/maps/@47.263095705488105,-1.6729708886986443,3a,75y,0h,90t/data=!3m4!1e1!3m2!1s!2e0"
      }
    },
    {
      "type": "Feature",
      "geometry": {
        "type": "Point",
        "coordinates": [
          -1.6639039769279063,
          47.26128477356093
        ]
      },
      "properties": {
        "id": "AL_NM_22_0002",
        "name": "Rue de la Pépinière (devant la poste)",
        "city": "Sautron",
        "type": "Affichage libre",
        "notes": "Monté",
        "street_view": "https://www.google.com/maps/@47.26128477356093,-1.6639039769279063,3a,75y,0h,90t/data=!3m4!1e1!3m2!1s!2e0"
      }
    },
    {
      "type": "Feature",
      "geometry": {
        "type": "Point",
        "coordinates": [
          -1.6794570444002952,
          47.26506787472537
        ]
      },
      "properties": {
        "id": "AL_NM_22_0004",
        "name": "Rue de la Ferme (Parking)",
        "city": "Sautron",
        "type": "Affichage libre",
        "notes": "Monté",
        "street_view": "https://www.google.com/maps/@47.26506787472537,-1.6794570444002952,3a,75y,0h,90t/data=!3m4!1e1!3m2!1s!2e0"
      }
    },
    {
      "type": "Feature",
      "geometry": {
        "type": "Point",
        "coordinates": [
          -1.654592562831154,
          47.218075101552046
        ]
      },
      "properties": {
        "id": "AL_NM_17_0007",
        "name": "Rue Vincent Auriol (angle  rue Petit village)",
        "city": "Saint-Herblain",
        "type": "Affichage libre",
        "notes": "Monté",
        "street_view": "https://www.google.com/maps/@47.218075101552046,-1.654592562831154,3a,75y,0h,90t/data=!3m4!1e1!3m2!1s!2e0"
      }
    },
    {
      "type": "Feature",
      "geometry": {
        "type": "Point",
        "coordinates": [
          -1.6591585797127553,
          47.207804023436786
        ]
      },
      "properties": {
        "id": "AL_NM_17_0004",
        "name": "Rue de la Gare (face au 66)",
        "city": "Saint-Herblain",
        "type": "Affichage libre",
        "notes": "Monté",
        "street_view": "https://www.google.com/maps/@47.207804023436786,-1.6591585797127553,3a,75y,0h,90t/data=!3m4!1e1!3m2!1s!2e0"
      }
    },
    {
      "type": "Feature",
      "geometry": {
        "type": "Point",
        "coordinates": [
          -1.6507238394197579,
          47.21236063196846
        ]
      },
      "properties": {
        "id": "AL_NM_17_0006",
        "name": "Rue des Calvaires (entrée école Jacqueline Auriol)",
        "city": "Saint-Herblain",
        "type": "Affichage libre",
        "notes": "Monté",
        "street_view": "https://www.google.com/maps/@47.21236063196846,-1.6507238394197579,3a,75y,0h,90t/data=!3m4!1e1!3m2!1s!2e0"
      }
    },
    {
      "type": "Feature",
      "geometry": {
        "type": "Point",
        "coordinates": [
          -1.6418624157672013,
          47.22289272066805
        ]
      },
      "properties": {
        "id": "AL_NM_17_0013",
        "name": "Impasse du Bourrelier (angle Rue du Charron)",
        "city": "Saint-Herblain",
        "type": "Affichage libre",
        "notes": "Monté",
        "street_view": "https://www.google.com/maps/@47.22289272066805,-1.6418624157672013,3a,75y,0h,90t/data=!3m4!1e1!3m2!1s!2e0"
      }
    },
    {
      "type": "Feature",
      "geometry": {
        "type": "Point",
        "coordinates": [
          -1.628708420720516,
          47.23727287808131
        ]
      },
      "properties": {
        "id": "AL_NM_17_0016",
        "name": "Boulevard Marcel Paul (angle rue de la Bergerie)",
        "city": "Saint-Herblain",
        "type": "Affichage libre",
        "notes": "Monté",
        "street_view": "https://www.google.com/maps/@47.23727287808131,-1.628708420720516,3a,75y,0h,90t/data=!3m4!1e1!3m2!1s!2e0"
      }
    },
    {
      "type": "Feature",
      "geometry": {
        "type": "Point",
        "coordinates": [
          -1.5981463029386882,
          47.229103806064984
        ]
      },
      "properties": {
        "id": "AL_NM_17_0033",
        "name": "Rue Jean Jacques Rousseau (angle Boulevard du Massacre)",
        "city": "Saint-Herblain",
        "type": "Affichage libre",
        "notes": "Monté",
        "street_view": "https://www.google.com/maps/@47.229103806064984,-1.5981463029386882,3a,75y,0h,90t/data=!3m4!1e1!3m2!1s!2e0"
      }
    },
    {
      "type": "Feature",
      "geometry": {
        "type": "Point",
        "coordinates": [
          -1.6088338442218895,
          47.22707662154635
        ]
      },
      "properties": {
        "id": "AL_NM_17_0029",
        "name": "Rue des Merisiers (Au 5)",
        "city": "Saint-Herblain",
        "type": "Affichage libre",
        "notes": "Monté",
        "street_view": "https://www.google.com/maps/@47.22707662154635,-1.6088338442218895,3a,75y,0h,90t/data=!3m4!1e1!3m2!1s!2e0"
      }
    },
    {
      "type": "Feature",
      "geometry": {
        "type": "Point",
        "coordinates": [
          -1.609788222730441,
          47.24029797643132
        ]
      },
      "properties": {
        "id": "AL_NM_17_0048",
        "name": "Rue du Zambèze (angle Bd des Thébaudières)",
        "city": "Saint-Herblain",
        "type": "Affichage libre",
        "notes": "Monté",
        "street_view": "https://www.google.com/maps/@47.24029797643132,-1.609788222730441,3a,75y,0h,90t/data=!3m4!1e1!3m2!1s!2e0"
      }
    },
    {
      "type": "Feature",
      "geometry": {
        "type": "Point",
        "coordinates": [
          -1.496480393784626,
          47.20789569562275
        ]
      },
      "properties": {
        "id": "AL_NM_20_0005",
        "name": "Rue du Général De Gaulle (angle rue du Genetay)",
        "city": "Saint-Sébastien-sur-Loire",
        "type": "Affichage libre",
        "notes": "Monté",
        "street_view": "https://www.google.com/maps/@47.20789569562275,-1.496480393784626,3a,75y,0h,90t/data=!3m4!1e1!3m2!1s!2e0"
      }
    },
    {
      "type": "Feature",
      "geometry": {
        "type": "Point",
        "coordinates": [
          -1.496979862361383,
          47.19199108896178
        ]
      },
      "properties": {
        "id": "AL_NM_20_0008",
        "name": "Rue de la Jaunaie (Angle Rue Mendes France)",
        "city": "Saint-Sébastien-sur-Loire",
        "type": "Affichage libre",
        "notes": "Monté",
        "street_view": "https://www.google.com/maps/@47.19199108896178,-1.496979862361383,3a,75y,0h,90t/data=!3m4!1e1!3m2!1s!2e0"
      }
    },
    {
      "type": "Feature",
      "geometry": {
        "type": "Point",
        "coordinates": [
          -1.6483640954323104,
          47.178288885495675
        ]
      },
      "properties": {
        "id": "AL_NM_03_0003",
        "name": "Rue de Beau Soleil (angle Chemin des Grands Champs)",
        "city": "Bouguenais",
        "type": "Affichage libre",
        "notes": "Monté",
        "street_view": "https://www.google.com/maps/@47.178288885495675,-1.6483640954323104,3a,75y,0h,90t/data=!3m4!1e1!3m2!1s!2e0"
      }
    },
    {
      "type": "Feature",
      "geometry": {
        "type": "Point",
        "coordinates": [
          -1.6343562102849,
          47.16552944080705
        ]
      },
      "properties": {
        "id": "AL_NM_03_0008",
        "name": "Rue de la Couillauderie (face à la rue des Champs de Bougon)",
        "city": "Bouguenais",
        "type": "Affichage libre",
        "notes": "Monté",
        "street_view": "https://www.google.com/maps/@47.16552944080705,-1.6343562102849,3a,75y,0h,90t/data=!3m4!1e1!3m2!1s!2e0"
      }
    },
    {
      "type": "Feature",
      "geometry": {
        "type": "Point",
        "coordinates": [
          -1.6942155565208032,
          47.18666490475056
        ]
      },
      "properties": {
        "id": "AL_NM_18_0001",
        "name": "Rue de l'Hommeau (face au 19)",
        "city": "Saint-Jean-de-Boiseau",
        "type": "Affichage libre",
        "notes": "Monté",
        "street_view": "https://www.google.com/maps/@47.18666490475056,-1.6942155565208032,3a,75y,0h,90t/data=!3m4!1e1!3m2!1s!2e0"
      }
    },
    {
      "type": "Feature",
      "geometry": {
        "type": "Point",
        "coordinates": [
          -1.6204846185035335,
          47.170003387608546
        ]
      },
      "properties": {
        "id": "AL_NM_03_0009",
        "name": "Rue de la Gagnerie (angle Rue Léon Blum)",
        "city": "Bouguenais",
        "type": "Affichage libre",
        "notes": "Monté",
        "street_view": "https://www.google.com/maps/@47.170003387608546,-1.6204846185035335,3a,75y,0h,90t/data=!3m4!1e1!3m2!1s!2e0"
      }
    },
    {
      "type": "Feature",
      "geometry": {
        "type": "Point",
        "coordinates": [
          -1.6430991208695034,
          47.17961485352651
        ]
      },
      "properties": {
        "id": "AL_NM_03_0012",
        "name": "Rue de la Pagerie (angle Chemin de la Sangle)",
        "city": "Bouguenais",
        "type": "Affichage libre",
        "notes": "Monté",
        "street_view": "https://www.google.com/maps/@47.17961485352651,-1.6430991208695034,3a,75y,0h,90t/data=!3m4!1e1!3m2!1s!2e0"
      }
    },
    {
      "type": "Feature",
      "geometry": {
        "type": "Point",
        "coordinates": [
          -1.5536112288926485,
          47.29437333217182
        ]
      },
      "properties": {
        "id": "AL_NM_08_0003",
        "name": "Rue Hervé Le Guyader (Face au 10)",
        "city": "La Chapelle-sur-Erdre",
        "type": "Affichage libre",
        "notes": "Monté",
        "street_view": "https://www.google.com/maps/@47.29437333217182,-1.5536112288926485,3a,75y,0h,90t/data=!3m4!1e1!3m2!1s!2e0"
      }
    },
    {
      "type": "Feature",
      "geometry": {
        "type": "Point",
        "coordinates": [
          -1.6267153542613824,
          47.1597821252065
        ]
      },
      "properties": {
        "id": "AL_NM_03_0015",
        "name": "Rue de la Ville au Denis (angle Chemin de la Grande Nouelle)",
        "city": "Bouguenais",
        "type": "Affichage libre",
        "notes": "Monté",
        "street_view": "https://www.google.com/maps/@47.1597821252065,-1.6267153542613824,3a,75y,0h,90t/data=!3m4!1e1!3m2!1s!2e0"
      }
    },
    {
      "type": "Feature",
      "geometry": {
        "type": "Point",
        "coordinates": [
          -1.7492297354739184,
          47.20131045188226
        ]
      },
      "properties": {
        "id": "AL_NM_10_0001",
        "name": "Quai du Docteur Provost (Place du Président René Coty)",
        "city": "Le Pellerin",
        "type": "Affichage libre",
        "notes": "Monté",
        "street_view": "https://www.google.com/maps/@47.20131045188226,-1.7492297354739184,3a,75y,0h,90t/data=!3m4!1e1!3m2!1s!2e0"
      }
    },
    {
      "type": "Feature",
      "geometry": {
        "type": "Point",
        "coordinates": [
          -1.7808385464375278,
          47.19761798966756
        ]
      },
      "properties": {
        "id": "AL_NM_10_0004",
        "name": "Route du Grand Chemin (angle rue de la Ville au Vay)",
        "city": "Le Pellerin",
        "type": "Affichage libre",
        "notes": "Monté",
        "street_view": "https://www.google.com/maps/@47.19761798966756,-1.7808385464375278,3a,75y,0h,90t/data=!3m4!1e1!3m2!1s!2e0"
      }
    },
    {
      "type": "Feature",
      "geometry": {
        "type": "Point",
        "coordinates": [
          -1.5069900205208895,
          47.14480531599099
        ]
      },
      "properties": {
        "id": "AL_NM_11_0001",
        "name": "Rue de la Blanchardière (angle Rue des Doizelleries)",
        "city": "Les Sorinières",
        "type": "Affichage libre",
        "notes": "Monté",
        "street_view": "https://www.google.com/maps/@47.14480531599099,-1.5069900205208895,3a,75y,0h,90t/data=!3m4!1e1!3m2!1s!2e0"
      }
    },
    {
      "type": "Feature",
      "geometry": {
        "type": "Point",
        "coordinates": [
          -1.6896400569623196,
          47.188629927995514
        ]
      },
      "properties": {
        "id": "AL_NM_09_0014",
        "name": "Rue de la Courante (face au 31)",
        "city": "La Montagne",
        "type": "Affichage libre",
        "notes": "Monté",
        "street_view": "https://www.google.com/maps/@47.188629927995514,-1.6896400569623196,3a,75y,0h,90t/data=!3m4!1e1!3m2!1s!2e0"
      }
    },
    {
      "type": "Feature",
      "geometry": {
        "type": "Point",
        "coordinates": [
          -1.5286717305016884,
          47.14524127886975
        ]
      },
      "properties": {
        "id": "AL_NM_11_0005",
        "name": "Rue des Lauriers (face au 44)",
        "city": "Les Sorinières",
        "type": "Affichage libre",
        "notes": "Monté",
        "street_view": "https://www.google.com/maps/@47.14524127886975,-1.5286717305016884,3a,75y,0h,90t/data=!3m4!1e1!3m2!1s!2e0"
      }
    },
    {
      "type": "Feature",
      "geometry": {
        "type": "Point",
        "coordinates": [
          -1.5224364290155585,
          47.1486658903439
        ]
      },
      "properties": {
        "id": "AL_NM_11_0006",
        "name": "Rue des Papillons (Devant salle de sportd J Marnier)",
        "city": "Les Sorinières",
        "type": "Affichage libre",
        "notes": "Monté",
        "street_view": "https://www.google.com/maps/@47.1486658903439,-1.5224364290155585,3a,75y,0h,90t/data=!3m4!1e1!3m2!1s!2e0"
      }
    },
    {
      "type": "Feature",
      "geometry": {
        "type": "Point",
        "coordinates": [
          -1.6139522083353892,
          47.13999536973573
        ]
      },
      "properties": {
        "id": "AL_NM_16_0004",
        "name": "Route de la Blanchardais (Route de la Paillerie)",
        "city": "Saint-Aignan de Grand Lieu",
        "type": "Affichage libre",
        "notes": "Monté",
        "street_view": "https://www.google.com/maps/@47.13999536973573,-1.6139522083353892,3a,75y,0h,90t/data=!3m4!1e1!3m2!1s!2e0"
      }
    },
    {
      "type": "Feature",
      "geometry": {
        "type": "Point",
        "coordinates": [
          -1.739527030733521,
          47.19955524348798
        ]
      },
      "properties": {
        "id": "AL_NM_18_0003",
        "name": "Rue de la Fontaine (Rue de la Loire)",
        "city": "Saint-Jean-de-Boiseau",
        "type": "Affichage libre",
        "notes": "Monté",
        "street_view": "https://www.google.com/maps/@47.19955524348798,-1.739527030733521,3a,75y,0h,90t/data=!3m4!1e1!3m2!1s!2e0"
      }
    },
    {
      "type": "Feature",
      "geometry": {
        "type": "Point",
        "coordinates": [
          -1.7372161633092924,
          47.197150790904885
        ]
      },
      "properties": {
        "id": "AL_NM_18_0004",
        "name": "Rue de l'Ouche Jacquet (Au 6)",
        "city": "Saint-Jean-de-Boiseau",
        "type": "Affichage libre",
        "notes": "Monté",
        "street_view": "https://www.google.com/maps/@47.197150790904885,-1.7372161633092924,3a,75y,0h,90t/data=!3m4!1e1!3m2!1s!2e0"
      }
    },
    {
      "type": "Feature",
      "geometry": {
        "type": "Point",
        "coordinates": [
          -1.4298935066959726,
          47.273781867754934
        ]
      },
      "properties": {
        "id": "AL_NM_23_0003",
        "name": "Rue de Mauves (angle Rue de Chinon)",
        "city": "Thouaré-sur-Loire",
        "type": "Affichage libre",
        "notes": "Monté",
        "street_view": "https://www.google.com/maps/@47.273781867754934,-1.4298935066959726,3a,75y,0h,90t/data=!3m4!1e1!3m2!1s!2e0"
      }
    },
    {
      "type": "Feature",
      "geometry": {
        "type": "Point",
        "coordinates": [
          -1.6725470408062995,
          47.242381954439985
        ]
      },
      "properties": {
        "id": "AL_NM_06_0028",
        "name": "Rue des Maraîchers (Au 31)",
        "city": "Couëron",
        "type": "Affichage libre",
        "notes": "Monté",
        "street_view": "https://www.google.com/maps/@47.242381954439985,-1.6725470408062995,3a,75y,0h,90t/data=!3m4!1e1!3m2!1s!2e0"
      }
    },
    {
      "type": "Feature",
      "geometry": {
        "type": "Point",
        "coordinates": [
          -1.5535238248807812,
          47.24580847430174
        ]
      },
      "properties": {
        "id": "AL_NM_13_0146",
        "name": "Chemin de la Censive du Tertre (Mail André Breton)",
        "city": "Nantes",
        "type": "Affichage libre",
        "notes": "Démonté",
        "street_view": "https://www.google.com/maps/@47.24580847430174,-1.5535238248807812,3a,75y,0h,90t/data=!3m4!1e1!3m2!1s!2e0"
      }
    },
    {
      "type": "Feature",
      "geometry": {
        "type": "Point",
        "coordinates": [
          -1.5074547618375398,
          47.30948562099171
        ]
      },
      "properties": {
        "id": "AL_NM_05_0003",
        "name": "Rue des Monceaux (Angle avenue de la Dagonnière)",
        "city": "Carquefou",
        "type": "Affichage libre",
        "notes": "Monté",
        "street_view": "https://www.google.com/maps/@47.30948562099171,-1.5074547618375398,3a,75y,0h,90t/data=!3m4!1e1!3m2!1s!2e0"
      }
    },
    {
      "type": "Feature",
      "geometry": {
        "type": "Point",
        "coordinates": [
          -1.3987489631705567,
          47.29990534978609
        ]
      },
      "properties": {
        "id": "AL_NM_12_0002",
        "name": "Rue du Choiseau (Parking de la Croix aire de covoiturage)",
        "city": "Mauves-sur-Loire",
        "type": "Affichage libre",
        "notes": "Monté",
        "street_view": "https://www.google.com/maps/@47.29990534978609,-1.3987489631705567,3a,75y,0h,90t/data=!3m4!1e1!3m2!1s!2e0"
      }
    },
    {
      "type": "Feature",
      "geometry": {
        "type": "Point",
        "coordinates": [
          -1.6429750446259699,
          47.17288333266562
        ]
      },
      "properties": {
        "id": "AL_NM_03_0026",
        "name": "Rue de La Matrasserie (face à la rue du Jauvray)",
        "city": "Bouguenais",
        "type": "Affichage libre",
        "notes": "Monté",
        "street_view": "https://www.google.com/maps/@47.17288333266562,-1.6429750446259699,3a,75y,0h,90t/data=!3m4!1e1!3m2!1s!2e0"
      }
    },
    {
      "type": "Feature",
      "geometry": {
        "type": "Point",
        "coordinates": [
          -1.5465804997922543,
          47.23026356344454
        ]
      },
      "properties": {
        "id": "AL_NM_13_0155",
        "name": "Rue du Haut Moreau (Angle Rue Coquebert)",
        "city": "Nantes",
        "type": "Affichage libre",
        "notes": "Monté",
        "street_view": "https://www.google.com/maps/@47.23026356344454,-1.5465804997922543,3a,75y,0h,90t/data=!3m4!1e1!3m2!1s!2e0"
      }
    },
    {
      "type": "Feature",
      "geometry": {
        "type": "Point",
        "coordinates": [
          -1.5491924241612125,
          47.222146628636146
        ]
      },
      "properties": {
        "id": "AL_NM_13_0035",
        "name": "Rue Préfet Bonnefoy (Angle Allée de la Reine Margot)",
        "city": "Nantes",
        "type": "Affichage libre",
        "notes": "Monté",
        "street_view": "https://www.google.com/maps/@47.222146628636146,-1.5491924241612125,3a,75y,0h,90t/data=!3m4!1e1!3m2!1s!2e0"
      }
    },
    {
      "type": "Feature",
      "geometry": {
        "type": "Point",
        "coordinates": [
          -1.5665711246144518,
          47.209541349411744
        ]
      },
      "properties": {
        "id": "AL_NM_13_0042",
        "name": "Rue de la Verrerie (Au 2)",
        "city": "Nantes",
        "type": "Affichage libre",
        "notes": "Démonté",
        "street_view": "https://www.google.com/maps/@47.209541349411744,-1.5665711246144518,3a,75y,0h,90t/data=!3m4!1e1!3m2!1s!2e0"
      }
    },
    {
      "type": "Feature",
      "geometry": {
        "type": "Point",
        "coordinates": [
          -1.5879491525804152,
          47.20689787443519
        ]
      },
      "properties": {
        "id": "AL_NM_13_0050",
        "name": "Rue de la Marseillaise (angle Bd de l’égalité)",
        "city": "Nantes",
        "type": "Affichage libre",
        "notes": "Monté",
        "street_view": "https://www.google.com/maps/@47.20689787443519,-1.5879491525804152,3a,75y,0h,90t/data=!3m4!1e1!3m2!1s!2e0"
      }
    },
    {
      "type": "Feature",
      "geometry": {
        "type": "Point",
        "coordinates": [
          -1.594410687791342,
          47.20525454530535
        ]
      },
      "properties": {
        "id": "AL_NM_13_0052",
        "name": "Rue des Pavillons (Angle Rue Fonteny)",
        "city": "Nantes",
        "type": "Affichage libre",
        "notes": "Monté",
        "street_view": "https://www.google.com/maps/@47.20525454530535,-1.594410687791342,3a,75y,0h,90t/data=!3m4!1e1!3m2!1s!2e0"
      }
    },
    {
      "type": "Feature",
      "geometry": {
        "type": "Point",
        "coordinates": [
          -1.5864831587686314,
          47.20161422550861
        ]
      },
      "properties": {
        "id": "AL_NM_13_0049",
        "name": "Rue de la Hérelle (Angle Rue Gutenberg)",
        "city": "Nantes",
        "type": "Affichage libre",
        "notes": "Monté",
        "street_view": "https://www.google.com/maps/@47.20161422550861,-1.5864831587686314,3a,75y,0h,90t/data=!3m4!1e1!3m2!1s!2e0"
      }
    },
    {
      "type": "Feature",
      "geometry": {
        "type": "Point",
        "coordinates": [
          -1.5261466371044377,
          47.215326485613964
        ]
      },
      "properties": {
        "id": "AL_NM_13_0074",
        "name": "Rue d’Irlande (angle rue d’Angleterre)",
        "city": "Nantes",
        "type": "Affichage libre",
        "notes": "Monté",
        "street_view": "https://www.google.com/maps/@47.215326485613964,-1.5261466371044377,3a,75y,0h,90t/data=!3m4!1e1!3m2!1s!2e0"
      }
    },
    {
      "type": "Feature",
      "geometry": {
        "type": "Point",
        "coordinates": [
          -1.5775550884435565,
          47.203643550108694
        ]
      },
      "properties": {
        "id": "AL_NM_13_0059",
        "name": "Rue de la Barbinais (Au 14)",
        "city": "Nantes",
        "type": "Affichage libre",
        "notes": "Monté",
        "street_view": "https://www.google.com/maps/@47.203643550108694,-1.5775550884435565,3a,75y,0h,90t/data=!3m4!1e1!3m2!1s!2e0"
      }
    },
    {
      "type": "Feature",
      "geometry": {
        "type": "Point",
        "coordinates": [
          -1.5300659501811562,
          47.21505097284612
        ]
      },
      "properties": {
        "id": "AL_NM_13_0234",
        "name": "Boulevard de Berlin (devant parking Basic Fit)",
        "city": "Nantes",
        "type": "Affichage libre",
        "notes": "Monté",
        "street_view": "https://www.google.com/maps/@47.21505097284612,-1.5300659501811562,3a,75y,0h,90t/data=!3m4!1e1!3m2!1s!2e0"
      }
    },
    {
      "type": "Feature",
      "geometry": {
        "type": "Point",
        "coordinates": [
          -1.5833061694496875,
          47.21244206308348
        ]
      },
      "properties": {
        "id": "AL_NM_13_0084",
        "name": "Place Saint Clair (Angle Rue du Général Torquat)",
        "city": "Nantes",
        "type": "Affichage libre",
        "notes": "Démonté",
        "street_view": "https://www.google.com/maps/@47.21244206308348,-1.5833061694496875,3a,75y,0h,90t/data=!3m4!1e1!3m2!1s!2e0"
      }
    },
    {
      "type": "Feature",
      "geometry": {
        "type": "Point",
        "coordinates": [
          -1.7174222686152039,
          47.21493082264831
        ]
      },
      "properties": {
        "id": "AL_NM_06_0003",
        "name": "Rue des Ardillets (Au 19)",
        "city": "Couëron",
        "type": "Affichage libre",
        "notes": "Monté",
        "street_view": "https://www.google.com/maps/@47.21493082264831,-1.7174222686152039,3a,75y,0h,90t/data=!3m4!1e1!3m2!1s!2e0"
      }
    },
    {
      "type": "Feature",
      "geometry": {
        "type": "Point",
        "coordinates": [
          -1.580154815865826,
          47.22555521433921
        ]
      },
      "properties": {
        "id": "AL_NM_13_0094",
        "name": "Boulevard Clovis Constant (Angle rue d’Arsonval)",
        "city": "Nantes",
        "type": "Affichage libre",
        "notes": "Monté",
        "street_view": "https://www.google.com/maps/@47.22555521433921,-1.580154815865826,3a,75y,0h,90t/data=!3m4!1e1!3m2!1s!2e0"
      }
    },
    {
      "type": "Feature",
      "geometry": {
        "type": "Point",
        "coordinates": [
          -1.5452564148230499,
          47.22072804788544
        ]
      },
      "properties": {
        "id": "AL_NM_13_0161",
        "name": "Place Sophie Trébuchet",
        "city": "Nantes",
        "type": "Affichage libre",
        "notes": "Monté",
        "street_view": "https://www.google.com/maps/@47.22072804788544,-1.5452564148230499,3a,75y,0h,90t/data=!3m4!1e1!3m2!1s!2e0"
      }
    },
    {
      "type": "Feature",
      "geometry": {
        "type": "Point",
        "coordinates": [
          -1.5454404145058547,
          47.22381116611531
        ]
      },
      "properties": {
        "id": "AL_NM_13_0162",
        "name": "Rue Maréchal Joffre (Angle Rue de Chanzy)",
        "city": "Nantes",
        "type": "Affichage libre",
        "notes": "Monté",
        "street_view": "https://www.google.com/maps/@47.22381116611531,-1.5454404145058547,3a,75y,0h,90t/data=!3m4!1e1!3m2!1s!2e0"
      }
    },
    {
      "type": "Feature",
      "geometry": {
        "type": "Point",
        "coordinates": [
          -1.5458178495553123,
          47.21975814736456
        ]
      },
      "properties": {
        "id": "AL_NM_13_0170",
        "name": "Rue Georges Clemenceau (Arret Trébuchet)",
        "city": "Nantes",
        "type": "Affichage libre",
        "notes": "Monté",
        "street_view": "https://www.google.com/maps/@47.21975814736456,-1.5458178495553123,3a,75y,0h,90t/data=!3m4!1e1!3m2!1s!2e0"
      }
    },
    {
      "type": "Feature",
      "geometry": {
        "type": "Point",
        "coordinates": [
          -1.5415136704953634,
          47.21504138102096
        ]
      },
      "properties": {
        "id": "AL_NM_13_0171",
        "name": "Rue des Remorqueurs (Angle Quai Malakoff)",
        "city": "Nantes",
        "type": "Affichage libre",
        "notes": "Monté",
        "street_view": "https://www.google.com/maps/@47.21504138102096,-1.5415136704953634,3a,75y,0h,90t/data=!3m4!1e1!3m2!1s!2e0"
      }
    },
    {
      "type": "Feature",
      "geometry": {
        "type": "Point",
        "coordinates": [
          -1.554126724529341,
          47.292725765127294
        ]
      },
      "properties": {
        "id": "AL_NM_08_0004",
        "name": "Rue Hervé Le Guyader (Face au 20)",
        "city": "La Chapelle-sur-Erdre",
        "type": "Affichage libre",
        "notes": "Monté",
        "street_view": "https://www.google.com/maps/@47.292725765127294,-1.554126724529341,3a,75y,0h,90t/data=!3m4!1e1!3m2!1s!2e0"
      }
    },
    {
      "type": "Feature",
      "geometry": {
        "type": "Point",
        "coordinates": [
          -1.5605442527847175,
          47.30638562740361
        ]
      },
      "properties": {
        "id": "AL_NM_08_0008",
        "name": "Allée de la Coutancière (Allée des Favrières)",
        "city": "La Chapelle-sur-Erdre",
        "type": "Affichage libre",
        "notes": "Monté",
        "street_view": "https://www.google.com/maps/@47.30638562740361,-1.5605442527847175,3a,75y,0h,90t/data=!3m4!1e1!3m2!1s!2e0"
      }
    },
    {
      "type": "Feature",
      "geometry": {
        "type": "Point",
        "coordinates": [
          -1.5505827865573407,
          47.32115627474935
        ]
      },
      "properties": {
        "id": "AL_NM_08_0011",
        "name": "Rue du Gibot (Angle Rue du Hillet)",
        "city": "La Chapelle-sur-Erdre",
        "type": "Affichage libre",
        "notes": "Monté",
        "street_view": "https://www.google.com/maps/@47.32115627474935,-1.5505827865573407,3a,75y,0h,90t/data=!3m4!1e1!3m2!1s!2e0"
      }
    },
    {
      "type": "Feature",
      "geometry": {
        "type": "Point",
        "coordinates": [
          -1.5533516259967288,
          47.204783310411734
        ]
      },
      "properties": {
        "id": "AL_NM_13_0014",
        "name": "Boulevard Victor Hugo (Au 9)",
        "city": "Nantes",
        "type": "Affichage libre",
        "notes": "Monté",
        "street_view": "https://www.google.com/maps/@47.204783310411734,-1.5533516259967288,3a,75y,0h,90t/data=!3m4!1e1!3m2!1s!2e0"
      }
    },
    {
      "type": "Feature",
      "geometry": {
        "type": "Point",
        "coordinates": [
          -1.529931698402424,
          47.23459992446841
        ]
      },
      "properties": {
        "id": "AL_NM_13_0178",
        "name": "Rue Donatien Bahaud (Angle Rue de la Marrière)",
        "city": "Nantes",
        "type": "Affichage libre",
        "notes": "Monté",
        "street_view": "https://www.google.com/maps/@47.23459992446841,-1.529931698402424,3a,75y,0h,90t/data=!3m4!1e1!3m2!1s!2e0"
      }
    },
    {
      "type": "Feature",
      "geometry": {
        "type": "Point",
        "coordinates": [
          -1.5250119991490516,
          47.237340675240965
        ]
      },
      "properties": {
        "id": "AL_NM_13_0179",
        "name": "Rue du Croissant (Angle Rue de la Bottière)",
        "city": "Nantes",
        "type": "Affichage libre",
        "notes": "Monté",
        "street_view": "https://www.google.com/maps/@47.237340675240965,-1.5250119991490516,3a,75y,0h,90t/data=!3m4!1e1!3m2!1s!2e0"
      }
    },
    {
      "type": "Feature",
      "geometry": {
        "type": "Point",
        "coordinates": [
          -1.5187360018406812,
          47.25000600335106
        ]
      },
      "properties": {
        "id": "AL_NM_13_0194",
        "name": "Rue Jules Grandjouan (Angle Bd route de Paris)",
        "city": "Nantes",
        "type": "Affichage libre",
        "notes": "Monté",
        "street_view": "https://www.google.com/maps/@47.25000600335106,-1.5187360018406812,3a,75y,0h,90t/data=!3m4!1e1!3m2!1s!2e0"
      }
    },
    {
      "type": "Feature",
      "geometry": {
        "type": "Point",
        "coordinates": [
          -1.5300808720954033,
          47.24958660907928
        ]
      },
      "properties": {
        "id": "AL_NM_13_0207",
        "name": "Route de Saint Joseph (Angle Rue de Kouffra)",
        "city": "Nantes",
        "type": "Affichage libre",
        "notes": "Monté",
        "street_view": "https://www.google.com/maps/@47.24958660907928,-1.5300808720954033,3a,75y,0h,90t/data=!3m4!1e1!3m2!1s!2e0"
      }
    },
    {
      "type": "Feature",
      "geometry": {
        "type": "Point",
        "coordinates": [
          -1.51117334750596,
          47.25928510018539
        ]
      },
      "properties": {
        "id": "AL_NM_13_0214",
        "name": "Boulevard de la Beaujoire (Angle Rue du Moulin de la Garde)",
        "city": "Nantes",
        "type": "Affichage libre",
        "notes": "Monté",
        "street_view": "https://www.google.com/maps/@47.25928510018539,-1.51117334750596,3a,75y,0h,90t/data=!3m4!1e1!3m2!1s!2e0"
      }
    },
    {
      "type": "Feature",
      "geometry": {
        "type": "Point",
        "coordinates": [
          -1.5382208191236202,
          47.18210837153134
        ]
      },
      "properties": {
        "id": "AL_NM_15_0009",
        "name": "Rue Maurice Lagathu (face au 29)",
        "city": "Rezé",
        "type": "Affichage libre",
        "notes": "Monté",
        "street_view": "https://www.google.com/maps/@47.18210837153134,-1.5382208191236202,3a,75y,0h,90t/data=!3m4!1e1!3m2!1s!2e0"
      }
    },
    {
      "type": "Feature",
      "geometry": {
        "type": "Point",
        "coordinates": [
          -1.528593276685779,
          47.16384091100441
        ]
      },
      "properties": {
        "id": "AL_NM_15_0018",
        "name": "Rue des Poyaux (Face Chemin des Faulx)",
        "city": "Rezé",
        "type": "Affichage libre",
        "notes": "Monté",
        "street_view": "https://www.google.com/maps/@47.16384091100441,-1.528593276685779,3a,75y,0h,90t/data=!3m4!1e1!3m2!1s!2e0"
      }
    },
    {
      "type": "Feature",
      "geometry": {
        "type": "Point",
        "coordinates": [
          -1.6791989966096512,
          47.26586049731511
        ]
      },
      "properties": {
        "id": "AL_NM_22_0003",
        "name": "Rue de la Forêt (face rue de la Ferme)",
        "city": "Sautron",
        "type": "Affichage libre",
        "notes": "Monté",
        "street_view": "https://www.google.com/maps/@47.26586049731511,-1.6791989966096512,3a,75y,0h,90t/data=!3m4!1e1!3m2!1s!2e0"
      }
    },
    {
      "type": "Feature",
      "geometry": {
        "type": "Point",
        "coordinates": [
          -1.6570931385510934,
          47.21030520273135
        ]
      },
      "properties": {
        "id": "AL_NM_17_0005",
        "name": "Rue de la Gare (angle Av Beauregard)",
        "city": "Saint-Herblain",
        "type": "Affichage libre",
        "notes": "Monté",
        "street_view": "https://www.google.com/maps/@47.21030520273135,-1.6570931385510934,3a,75y,0h,90t/data=!3m4!1e1!3m2!1s!2e0"
      }
    },
    {
      "type": "Feature",
      "geometry": {
        "type": "Point",
        "coordinates": [
          -1.6093509764933758,
          47.21948860034189
        ]
      },
      "properties": {
        "id": "AL_NM_17_0018",
        "name": "Rue de la Blanche (Face au 39)",
        "city": "Saint-Herblain",
        "type": "Affichage libre",
        "notes": "Monté",
        "street_view": "https://www.google.com/maps/@47.21948860034189,-1.6093509764933758,3a,75y,0h,90t/data=!3m4!1e1!3m2!1s!2e0"
      }
    },
    {
      "type": "Feature",
      "geometry": {
        "type": "Point",
        "coordinates": [
          -1.5967377537310032,
          47.23620434239577
        ]
      },
      "properties": {
        "id": "AL_NM_17_0036",
        "name": "Avenue du Parnasse (face au 72)",
        "city": "Saint-Herblain",
        "type": "Affichage libre",
        "notes": "Monté",
        "street_view": "https://www.google.com/maps/@47.23620434239577,-1.5967377537310032,3a,75y,0h,90t/data=!3m4!1e1!3m2!1s!2e0"
      }
    },
    {
      "type": "Feature",
      "geometry": {
        "type": "Point",
        "coordinates": [
          -1.617045687965807,
          47.23051424150035
        ]
      },
      "properties": {
        "id": "AL_NM_17_0028",
        "name": "Esplanade des Quatre Vents",
        "city": "Saint-Herblain",
        "type": "Affichage libre",
        "notes": "Monté",
        "street_view": "https://www.google.com/maps/@47.23051424150035,-1.617045687965807,3a,75y,0h,90t/data=!3m4!1e1!3m2!1s!2e0"
      }
    },
    {
      "type": "Feature",
      "geometry": {
        "type": "Point",
        "coordinates": [
          -1.6097586220338413,
          47.242406635986015
        ]
      },
      "properties": {
        "id": "AL_NM_17_0049",
        "name": "Rue du Danube (devant l’école Nelson Mandela)",
        "city": "Saint-Herblain",
        "type": "Affichage libre",
        "notes": "Monté",
        "street_view": "https://www.google.com/maps/@47.242406635986015,-1.6097586220338413,3a,75y,0h,90t/data=!3m4!1e1!3m2!1s!2e0"
      }
    },
    {
      "type": "Feature",
      "geometry": {
        "type": "Point",
        "coordinates": [
          -1.5176935893775991,
          47.1933990535732
        ]
      },
      "properties": {
        "id": "AL_NM_20_0010",
        "name": "Place Alfred Radigois (Au 31)",
        "city": "Saint-Sébastien-sur-Loire",
        "type": "Affichage libre",
        "notes": "Monté",
        "street_view": "https://www.google.com/maps/@47.1933990535732,-1.5176935893775991,3a,75y,0h,90t/data=!3m4!1e1!3m2!1s!2e0"
      }
    },
    {
      "type": "Feature",
      "geometry": {
        "type": "Point",
        "coordinates": [
          -1.4551413885036129,
          47.18647511272989
        ]
      },
      "properties": {
        "id": "AL_NM_01_0008",
        "name": "Rue Jean Charcot (angle rue de l’Atlantique)",
        "city": "Basse-Goulaine",
        "type": "Affichage libre",
        "notes": "Monté",
        "street_view": "https://www.google.com/maps/@47.18647511272989,-1.4551413885036129,3a,75y,0h,90t/data=!3m4!1e1!3m2!1s!2e0"
      }
    },
    {
      "type": "Feature",
      "geometry": {
        "type": "Point",
        "coordinates": [
          -1.6708624106620074,
          47.182801170561234
        ]
      },
      "properties": {
        "id": "AL_NM_03_0010",
        "name": "Rue de la Haie d'Ancheteau (angle avenue des Plantes)",
        "city": "Bouguenais",
        "type": "Affichage libre",
        "notes": "Monté",
        "street_view": "https://www.google.com/maps/@47.182801170561234,-1.6708624106620074,3a,75y,0h,90t/data=!3m4!1e1!3m2!1s!2e0"
      }
    },
    {
      "type": "Feature",
      "geometry": {
        "type": "Point",
        "coordinates": [
          -1.5784030788734096,
          47.17516224882797
        ]
      },
      "properties": {
        "id": "AL_NM_03_0022",
        "name": "Rue Georges Clémenceau (angle Rue des Saules)",
        "city": "Bouguenais",
        "type": "Affichage libre",
        "notes": "Monté",
        "street_view": "https://www.google.com/maps/@47.17516224882797,-1.5784030788734096,3a,75y,0h,90t/data=!3m4!1e1!3m2!1s!2e0"
      }
    },
    {
      "type": "Feature",
      "geometry": {
        "type": "Point",
        "coordinates": [
          -1.6241641418756787,
          47.17186953791661
        ]
      },
      "properties": {
        "id": "AL_NM_03_0025",
        "name": "Rue Salvador Allende (angle Rue Fernand Pelloutier)",
        "city": "Bouguenais",
        "type": "Affichage libre",
        "notes": "Monté",
        "street_view": "https://www.google.com/maps/@47.17186953791661,-1.6241641418756787,3a,75y,0h,90t/data=!3m4!1e1!3m2!1s!2e0"
      }
    },
    {
      "type": "Feature",
      "geometry": {
        "type": "Point",
        "coordinates": [
          -1.7364632277564451,
          47.22929082940879
        ]
      },
      "properties": {
        "id": "AL_NM_06_0014",
        "name": "Le Fraîche Pasquier",
        "city": "Couëron",
        "type": "Affichage libre",
        "notes": "Monté",
        "street_view": "https://www.google.com/maps/@47.22929082940879,-1.7364632277564451,3a,75y,0h,90t/data=!3m4!1e1!3m2!1s!2e0"
      }
    },
    {
      "type": "Feature",
      "geometry": {
        "type": "Point",
        "coordinates": [
          -1.6689105497199181,
          47.19981123568282
        ]
      },
      "properties": {
        "id": "AL_NM_07_0001",
        "name": "Avenue de la Loire (proche de la mairie)",
        "city": "Indre",
        "type": "Affichage libre",
        "notes": "Monté",
        "street_view": "https://www.google.com/maps/@47.19981123568282,-1.6689105497199181,3a,75y,0h,90t/data=!3m4!1e1!3m2!1s!2e0"
      }
    },
    {
      "type": "Feature",
      "geometry": {
        "type": "Point",
        "coordinates": [
          -1.4865815916493506,
          47.27710526395649
        ]
      },
      "properties": {
        "id": "AL_NM_05_0003",
        "name": "Rue des Antilles (Centre Commercial de la Désirade)",
        "city": "Carquefou",
        "type": "Affichage libre",
        "notes": "Supprimé",
        "street_view": "https://www.google.com/maps/@47.27710526395649,-1.4865815916493506,3a,75y,0h,90t/data=!3m4!1e1!3m2!1s!2e0"
      }
    },
    {
      "type": "Feature",
      "geometry": {
        "type": "Point",
        "coordinates": [
          -1.6760374772730537,
          47.187587758125765
        ]
      },
      "properties": {
        "id": "AL_NM_09_0003",
        "name": "Rue Jules Verne (Ecole)",
        "city": "La Montagne",
        "type": "Affichage libre",
        "notes": "Monté",
        "street_view": "https://www.google.com/maps/@47.187587758125765,-1.6760374772730537,3a,75y,0h,90t/data=!3m4!1e1!3m2!1s!2e0"
      }
    },
    {
      "type": "Feature",
      "geometry": {
        "type": "Point",
        "coordinates": [
          -1.6737076040278833,
          47.18523685029357
        ]
      },
      "properties": {
        "id": "AL_NM_09_0011",
        "name": "D58 (face au 43 Le Chateau d’Aux)",
        "city": "La Montagne",
        "type": "Affichage libre",
        "notes": "Monté",
        "street_view": "https://www.google.com/maps/@47.18523685029357,-1.6737076040278833,3a,75y,0h,90t/data=!3m4!1e1!3m2!1s!2e0"
      }
    },
    {
      "type": "Feature",
      "geometry": {
        "type": "Point",
        "coordinates": [
          -1.4838992194473246,
          47.24457322713769
        ]
      },
      "properties": {
        "id": "AL_NM_21_0008",
        "name": "Rue de la Loire (angle Rue du Patisseau)",
        "city": "Sainte-Luce-sur-Loire",
        "type": "Affichage libre",
        "notes": "Supprimé",
        "street_view": "https://www.google.com/maps/@47.24457322713769,-1.4838992194473246,3a,75y,0h,90t/data=!3m4!1e1!3m2!1s!2e0"
      }
    },
    {
      "type": "Feature",
      "geometry": {
        "type": "Point",
        "coordinates": [
          -1.4747986711014522,
          47.2343459325827
        ]
      },
      "properties": {
        "id": "AL_NM_21_0010",
        "name": "Rue des Roches",
        "city": "Sainte-Luce-sur-Loire",
        "type": "Affichage libre",
        "notes": "Monté",
        "street_view": "https://www.google.com/maps/@47.2343459325827,-1.4747986711014522,3a,75y,0h,90t/data=!3m4!1e1!3m2!1s!2e0"
      }
    },
    {
      "type": "Feature",
      "geometry": {
        "type": "Point",
        "coordinates": [
          -1.4678771098211914,
          47.15449855450245
        ]
      },
      "properties": {
        "id": "AL_NM_24_0001",
        "name": "Allée de l'Hippodrome",
        "city": "Vertou",
        "type": "Affichage libre",
        "notes": "Monté",
        "street_view": "https://www.google.com/maps/@47.15449855450245,-1.4678771098211914,3a,75y,0h,90t/data=!3m4!1e1!3m2!1s!2e0"
      }
    },
    {
      "type": "Feature",
      "geometry": {
        "type": "Point",
        "coordinates": [
          -1.4800321517283146,
          47.16517436835036
        ]
      },
      "properties": {
        "id": "AL_NM_24_0002",
        "name": "Rue Charles Chollet (Parking parc de la sèvre)",
        "city": "Vertou",
        "type": "Affichage libre",
        "notes": "Monté",
        "street_view": "https://www.google.com/maps/@47.16517436835036,-1.4800321517283146,3a,75y,0h,90t/data=!3m4!1e1!3m2!1s!2e0"
      }
    },
    {
      "type": "Feature",
      "geometry": {
        "type": "Point",
        "coordinates": [
          -1.5050873495177894,
          47.184182967345805
        ]
      },
      "properties": {
        "id": "AL_NM_24_0003",
        "name": "Place de la Poste (Bibliothèque municipale)",
        "city": "Vertou",
        "type": "Affichage libre",
        "notes": "Monté",
        "street_view": "https://www.google.com/maps/@47.184182967345805,-1.5050873495177894,3a,75y,0h,90t/data=!3m4!1e1!3m2!1s!2e0"
      }
    },
    {
      "type": "Feature",
      "geometry": {
        "type": "Point",
        "coordinates": [
          -1.4865239451423622,
          47.26356911035
        ]
      },
      "properties": {
        "id": "AL_NM_21_0009",
        "name": "Rue Denis Papin (angle Rue Gustave Eiffel)",
        "city": "Sainte-Luce-sur-Loire",
        "type": "Affichage libre",
        "notes": "Monté",
        "street_view": "https://www.google.com/maps/@47.26356911035,-1.4865239451423622,3a,75y,0h,90t/data=!3m4!1e1!3m2!1s!2e0"
      }
    },
    {
      "type": "Feature",
      "geometry": {
        "type": "Point",
        "coordinates": [
          -1.7514908188188116,
          47.20605553941332
        ]
      },
      "properties": {
        "id": "AL_NM_06_0031",
        "name": "Bac de loire",
        "city": "Couëron",
        "type": "Affichage libre",
        "notes": "Monté",
        "street_view": "https://www.google.com/maps/@47.20605553941332,-1.7514908188188116,3a,75y,0h,90t/data=!3m4!1e1!3m2!1s!2e0"
      }
    },
    {
      "type": "Feature",
      "geometry": {
        "type": "Point",
        "coordinates": [
          -1.4686007013396731,
          47.149629138865976
        ]
      },
      "properties": {
        "id": "AL_NM_24_0009",
        "name": "Route des Pégers (angle route de Pont Caffino)",
        "city": "Vertou",
        "type": "Affichage libre",
        "notes": "Monté",
        "street_view": "https://www.google.com/maps/@47.149629138865976,-1.4686007013396731,3a,75y,0h,90t/data=!3m4!1e1!3m2!1s!2e0"
      }
    },
    {
      "type": "Feature",
      "geometry": {
        "type": "Point",
        "coordinates": [
          -1.5561652488077653,
          47.24329144563647
        ]
      },
      "properties": {
        "id": "AL_NM_13_0013",
        "name": "Place du Huit Mai 1945",
        "city": "Nantes",
        "type": "Affichage libre",
        "notes": "Démonté",
        "street_view": "https://www.google.com/maps/@47.24329144563647,-1.5561652488077653,3a,75y,0h,90t/data=!3m4!1e1!3m2!1s!2e0"
      }
    },
    {
      "type": "Feature",
      "geometry": {
        "type": "Point",
        "coordinates": [
          -1.4921473336779072,
          47.29893127968902
        ]
      },
      "properties": {
        "id": "AL_NM_05_0002",
        "name": "Rue de l'Hôtel de Ville",
        "city": "Carquefou",
        "type": "Affichage libre",
        "notes": "Supprimé",
        "street_view": "https://www.google.com/maps/@47.29893127968902,-1.4921473336779072,3a,75y,0h,90t/data=!3m4!1e1!3m2!1s!2e0"
      }
    },
    {
      "type": "Feature",
      "geometry": {
        "type": "Point",
        "coordinates": [
          -1.4985162784303996,
          47.28152482680321
        ]
      },
      "properties": {
        "id": "AL_NM_05_0005",
        "name": "Place des Tennis (Angle Avenue du Housseau)",
        "city": "Carquefou",
        "type": "Affichage libre",
        "notes": "Monté",
        "street_view": "https://www.google.com/maps/@47.28152482680321,-1.4985162784303996,3a,75y,0h,90t/data=!3m4!1e1!3m2!1s!2e0"
      }
    },
    {
      "type": "Feature",
      "geometry": {
        "type": "Point",
        "coordinates": [
          -1.4724084446111712,
          47.28513139903044
        ]
      },
      "properties": {
        "id": "AL_NM_05_0007",
        "name": "Chemin des Haies (Angle chemin de la Gayonnais)",
        "city": "Carquefou",
        "type": "Affichage libre",
        "notes": "Monté",
        "street_view": "https://www.google.com/maps/@47.28513139903044,-1.4724084446111712,3a,75y,0h,90t/data=!3m4!1e1!3m2!1s!2e0"
      }
    },
    {
      "type": "Feature",
      "geometry": {
        "type": "Point",
        "coordinates": [
          -1.6297841876229153,
          47.23353552839399
        ]
      },
      "properties": {
        "id": "AL_NM_17_0014",
        "name": "Boulevard Marcel Paul (angle rue Jacques Brel)",
        "city": "Saint-Herblain",
        "type": "Affichage libre",
        "notes": "Monté",
        "street_view": "https://www.google.com/maps/@47.23353552839399,-1.6297841876229153,3a,75y,0h,90t/data=!3m4!1e1!3m2!1s!2e0"
      }
    },
    {
      "type": "Feature",
      "geometry": {
        "type": "Point",
        "coordinates": [
          -1.519243400492086,
          47.25748319153208
        ]
      },
      "properties": {
        "id": "AL_NM_13_0215",
        "name": "Boulevard Professeur René Auvigné (devant ecole de la beaujoire)",
        "city": "Nantes",
        "type": "Affichage libre",
        "notes": "Monté",
        "street_view": "https://www.google.com/maps/@47.25748319153208,-1.519243400492086,3a,75y,0h,90t/data=!3m4!1e1!3m2!1s!2e0"
      }
    },
    {
      "type": "Feature",
      "geometry": {
        "type": "Point",
        "coordinates": [
          -1.6730735552591622,
          47.26075923914861
        ]
      },
      "properties": {
        "id": "AL_NM_22_0005",
        "name": "Rue du Muguet (angle Chemin de la Loire)",
        "city": "Sautron",
        "type": "Affichage libre",
        "notes": "Monté",
        "street_view": "https://www.google.com/maps/@47.26075923914861,-1.6730735552591622,3a,75y,0h,90t/data=!3m4!1e1!3m2!1s!2e0"
      }
    },
    {
      "type": "Feature",
      "geometry": {
        "type": "Point",
        "coordinates": [
          -1.6664503381479894,
          47.1970278575315
        ]
      },
      "properties": {
        "id": "AL_NM_07_0002",
        "name": "Rue du Pont Allard (Angle Rue Elsa Triolet)",
        "city": "Indre",
        "type": "Affichage libre",
        "notes": "Monté",
        "street_view": "https://www.google.com/maps/@47.1970278575315,-1.6664503381479894,3a,75y,0h,90t/data=!3m4!1e1!3m2!1s!2e0"
      }
    },
    {
      "type": "Feature",
      "geometry": {
        "type": "Point",
        "coordinates": [
          -1.5736671954352803,
          47.239178328281966
        ]
      },
      "properties": {
        "id": "AL_NM_13_0120",
        "name": "Rue du Vélodrome de Longchamp (Au 8)",
        "city": "Nantes",
        "type": "Affichage libre",
        "notes": "Monté",
        "street_view": "https://www.google.com/maps/@47.239178328281966,-1.5736671954352803,3a,75y,0h,90t/data=!3m4!1e1!3m2!1s!2e0"
      }
    },
    {
      "type": "Feature",
      "geometry": {
        "type": "Point",
        "coordinates": [
          -1.6868836073794256,
          47.19118336955433
        ]
      },
      "properties": {
        "id": "AL_NM_09_0009",
        "name": "Place François Mitterrand",
        "city": "La Montagne",
        "type": "Affichage libre",
        "notes": "Monté",
        "street_view": "https://www.google.com/maps/@47.19118336955433,-1.6868836073794256,3a,75y,0h,90t/data=!3m4!1e1!3m2!1s!2e0"
      }
    },
    {
      "type": "Feature",
      "geometry": {
        "type": "Point",
        "coordinates": [
          -1.538814319611942,
          47.19657398589644
        ]
      },
      "properties": {
        "id": "AL_NM_13_0005",
        "name": "Rue Saint Jacques (Face au 72)",
        "city": "Nantes",
        "type": "Affichage libre",
        "notes": "Monté",
        "street_view": "https://www.google.com/maps/@47.19657398589644,-1.538814319611942,3a,75y,0h,90t/data=!3m4!1e1!3m2!1s!2e0"
      }
    },
    {
      "type": "Feature",
      "geometry": {
        "type": "Point",
        "coordinates": [
          -1.575045730954423,
          47.209426649043664
        ]
      },
      "properties": {
        "id": "AL_NM_13_0091",
        "name": "Rue Dudrézène (angle Place Louis Daubenton)",
        "city": "Nantes",
        "type": "Affichage libre",
        "notes": "Monté",
        "street_view": "https://www.google.com/maps/@47.209426649043664,-1.575045730954423,3a,75y,0h,90t/data=!3m4!1e1!3m2!1s!2e0"
      }
    },
    {
      "type": "Feature",
      "geometry": {
        "type": "Point",
        "coordinates": [
          -1.5489877017970886,
          47.22780596348508
        ]
      },
      "properties": {
        "id": "AL_NM_13_0150",
        "name": "Rue Desaix (Angle Rue du Général Margueritte)",
        "city": "Nantes",
        "type": "Affichage libre",
        "notes": "Monté",
        "street_view": "https://www.google.com/maps/@47.22780596348508,-1.5489877017970886,3a,75y,0h,90t/data=!3m4!1e1!3m2!1s!2e0"
      }
    },
    {
      "type": "Feature",
      "geometry": {
        "type": "Point",
        "coordinates": [
          -1.6001823546329266,
          47.20376050788433
        ]
      },
      "properties": {
        "id": "AL_NM_13_0045",
        "name": "Rue du Bois Hardy (face au 86bis)",
        "city": "Nantes",
        "type": "Affichage libre",
        "notes": "Monté",
        "street_view": "https://www.google.com/maps/@47.20376050788433,-1.6001823546329266,3a,75y,0h,90t/data=!3m4!1e1!3m2!1s!2e0"
      }
    },
    {
      "type": "Feature",
      "geometry": {
        "type": "Point",
        "coordinates": [
          -1.6045309468054543,
          47.20897109734654
        ]
      },
      "properties": {
        "id": "AL_NM_13_0047",
        "name": "Rue Jean Olivesi",
        "city": "Nantes",
        "type": "Affichage libre",
        "notes": "Démonté",
        "street_view": "https://www.google.com/maps/@47.20897109734654,-1.6045309468054543,3a,75y,0h,90t/data=!3m4!1e1!3m2!1s!2e0"
      }
    },
    {
      "type": "Feature",
      "geometry": {
        "type": "Point",
        "coordinates": [
          -1.5948339449326085,
          47.197701193516345
        ]
      },
      "properties": {
        "id": "AL_NM_13_0054",
        "name": "Boulevard Maréchal Alphonse Juin (Gare)",
        "city": "Nantes",
        "type": "Affichage libre",
        "notes": "Monté",
        "street_view": "https://www.google.com/maps/@47.197701193516345,-1.5948339449326085,3a,75y,0h,90t/data=!3m4!1e1!3m2!1s!2e0"
      }
    },
    {
      "type": "Feature",
      "geometry": {
        "type": "Point",
        "coordinates": [
          -1.5888703122557901,
          47.20053456190958
        ]
      },
      "properties": {
        "id": "AL_NM_13_0056",
        "name": "Rue Gutenberg (Angle Bd de la Liberté)",
        "city": "Nantes",
        "type": "Affichage libre",
        "notes": "Monté",
        "street_view": "https://www.google.com/maps/@47.20053456190958,-1.5888703122557901,3a,75y,0h,90t/data=!3m4!1e1!3m2!1s!2e0"
      }
    },
    {
      "type": "Feature",
      "geometry": {
        "type": "Point",
        "coordinates": [
          -1.5869931872131828,
          47.20860556493808
        ]
      },
      "properties": {
        "id": "AL_NM_13_0048",
        "name": "Boulevard Président René Coty (Angle Bd de l’Egalité)",
        "city": "Nantes",
        "type": "Affichage libre",
        "notes": "Monté",
        "street_view": "https://www.google.com/maps/@47.20860556493808,-1.5869931872131828,3a,75y,0h,90t/data=!3m4!1e1!3m2!1s!2e0"
      }
    },
    {
      "type": "Feature",
      "geometry": {
        "type": "Point",
        "coordinates": [
          -1.5844054456150705,
          47.20799730357363
        ]
      },
      "properties": {
        "id": "AL_NM_13_0057",
        "name": "Boulevard Président René Coty (Au 7)",
        "city": "Nantes",
        "type": "Affichage libre",
        "notes": "Monté",
        "street_view": "https://www.google.com/maps/@47.20799730357363,-1.5844054456150705,3a,75y,0h,90t/data=!3m4!1e1!3m2!1s!2e0"
      }
    },
    {
      "type": "Feature",
      "geometry": {
        "type": "Point",
        "coordinates": [
          -1.574139151878058,
          47.20710611188621
        ]
      },
      "properties": {
        "id": "AL_NM_13_0062",
        "name": "Rue Gabriel Péri (Angle Rue Varlin)",
        "city": "Nantes",
        "type": "Affichage libre",
        "notes": "Monté",
        "street_view": "https://www.google.com/maps/@47.20710611188621,-1.574139151878058,3a,75y,0h,90t/data=!3m4!1e1!3m2!1s!2e0"
      }
    },
    {
      "type": "Feature",
      "geometry": {
        "type": "Point",
        "coordinates": [
          -1.5910073170523331,
          47.22551925944701
        ]
      },
      "properties": {
        "id": "AL_NM_13_0069",
        "name": "Rue Jean Marc Nattier",
        "city": "Nantes",
        "type": "Affichage libre",
        "notes": "Monté",
        "street_view": "https://www.google.com/maps/@47.22551925944701,-1.5910073170523331,3a,75y,0h,90t/data=!3m4!1e1!3m2!1s!2e0"
      }
    },
    {
      "type": "Feature",
      "geometry": {
        "type": "Point",
        "coordinates": [
          -1.590164533145872,
          47.21078920747623
        ]
      },
      "properties": {
        "id": "AL_NM_13_0065",
        "name": "Rue de la Convention (Au 49)",
        "city": "Nantes",
        "type": "Affichage libre",
        "notes": "Monté",
        "street_view": "https://www.google.com/maps/@47.21078920747623,-1.590164533145872,3a,75y,0h,90t/data=!3m4!1e1!3m2!1s!2e0"
      }
    },
    {
      "type": "Feature",
      "geometry": {
        "type": "Point",
        "coordinates": [
          -1.5576769751171413,
          47.2233624416244
        ]
      },
      "properties": {
        "id": "AL_NM_13_0111",
        "name": "Rue Paul Bellamy (Face au 52)",
        "city": "Nantes",
        "type": "Affichage libre",
        "notes": "Monté",
        "street_view": "https://www.google.com/maps/@47.2233624416244,-1.5576769751171413,3a,75y,0h,90t/data=!3m4!1e1!3m2!1s!2e0"
      }
    },
    {
      "type": "Feature",
      "geometry": {
        "type": "Point",
        "coordinates": [
          -1.556710083785677,
          47.222611506766846
        ]
      },
      "properties": {
        "id": "AL_NM_13_0113",
        "name": "Rue Saint Stanislas (Angle Rue Paul Bellamy)",
        "city": "Nantes",
        "type": "Affichage libre",
        "notes": "Monté",
        "street_view": "https://www.google.com/maps/@47.222611506766846,-1.556710083785677,3a,75y,0h,90t/data=!3m4!1e1!3m2!1s!2e0"
      }
    },
    {
      "type": "Feature",
      "geometry": {
        "type": "Point",
        "coordinates": [
          -1.5716811009450586,
          47.23987546922546
        ]
      },
      "properties": {
        "id": "AL_NM_13_0118",
        "name": "Boulevard Robert Schuman (Au 133)",
        "city": "Nantes",
        "type": "Affichage libre",
        "notes": "Monté",
        "street_view": "https://www.google.com/maps/@47.23987546922546,-1.5716811009450586,3a,75y,0h,90t/data=!3m4!1e1!3m2!1s!2e0"
      }
    },
    {
      "type": "Feature",
      "geometry": {
        "type": "Point",
        "coordinates": [
          -1.5442601450824573,
          47.229777330804005
        ]
      },
      "properties": {
        "id": "AL_NM_13_0154",
        "name": "Rue du Coudray (Angle Rue Guillet de la Brosse)",
        "city": "Nantes",
        "type": "Affichage libre",
        "notes": "Monté",
        "street_view": "https://www.google.com/maps/@47.229777330804005,-1.5442601450824573,3a,75y,0h,90t/data=!3m4!1e1!3m2!1s!2e0"
      }
    },
    {
      "type": "Feature",
      "geometry": {
        "type": "Point",
        "coordinates": [
          -1.5386340515143064,
          47.220194291081526
        ]
      },
      "properties": {
        "id": "AL_NM_13_0163",
        "name": "Rue d'Allonville (Face au 80)",
        "city": "Nantes",
        "type": "Affichage libre",
        "notes": "Monté",
        "street_view": "https://www.google.com/maps/@47.220194291081526,-1.5386340515143064,3a,75y,0h,90t/data=!3m4!1e1!3m2!1s!2e0"
      }
    },
    {
      "type": "Feature",
      "geometry": {
        "type": "Point",
        "coordinates": [
          -1.550122741795763,
          47.26588586048798
        ]
      },
      "properties": {
        "id": "AL_NM_08_0006",
        "name": "Boulevard du Gesvres (face Rue jacques Demy)",
        "city": "La Chapelle-sur-Erdre",
        "type": "Affichage libre",
        "notes": "Monté",
        "street_view": "https://www.google.com/maps/@47.26588586048798,-1.550122741795763,3a,75y,0h,90t/data=!3m4!1e1!3m2!1s!2e0"
      }
    },
    {
      "type": "Feature",
      "geometry": {
        "type": "Point",
        "coordinates": [
          -1.540003675530034,
          47.194938330535116
        ]
      },
      "properties": {
        "id": "AL_NM_13_0004",
        "name": "Rue Gabriel Goudy (Au 16)",
        "city": "Nantes",
        "type": "Affichage libre",
        "notes": "Monté",
        "street_view": "https://www.google.com/maps/@47.194938330535116,-1.540003675530034,3a,75y,0h,90t/data=!3m4!1e1!3m2!1s!2e0"
      }
    },
    {
      "type": "Feature",
      "geometry": {
        "type": "Point",
        "coordinates": [
          -1.525432596931771,
          47.187955971912366
        ]
      },
      "properties": {
        "id": "AL_NM_13_0011",
        "name": "Rue des Fromenteaux (Angle Rue André Messager)",
        "city": "Nantes",
        "type": "Affichage libre",
        "notes": "Monté",
        "street_view": "https://www.google.com/maps/@47.187955971912366,-1.525432596931771,3a,75y,0h,90t/data=!3m4!1e1!3m2!1s!2e0"
      }
    },
    {
      "type": "Feature",
      "geometry": {
        "type": "Point",
        "coordinates": [
          -1.5793483146614984,
          47.20296436380735
        ]
      },
      "properties": {
        "id": "AL_NM_13_0063",
        "name": "Rue Mounet Sully (Angle Rue St Gohard)",
        "city": "Nantes",
        "type": "Affichage libre",
        "notes": "Monté",
        "street_view": "https://www.google.com/maps/@47.20296436380735,-1.5793483146614984,3a,75y,0h,90t/data=!3m4!1e1!3m2!1s!2e0"
      }
    },
    {
      "type": "Feature",
      "geometry": {
        "type": "Point",
        "coordinates": [
          -1.5726532179786459,
          47.25010129603774
        ]
      },
      "properties": {
        "id": "AL_NM_13_0137",
        "name": "Rue Chanoine Poupard (Face Av Castellano)",
        "city": "Nantes",
        "type": "Affichage libre",
        "notes": "Monté",
        "street_view": "https://www.google.com/maps/@47.25010129603774,-1.5726532179786459,3a,75y,0h,90t/data=!3m4!1e1!3m2!1s!2e0"
      }
    },
    {
      "type": "Feature",
      "geometry": {
        "type": "Point",
        "coordinates": [
          -1.5219743467943514,
          47.22621113290379
        ]
      },
      "properties": {
        "id": "AL_NM_13_0181",
        "name": "Boulevard Louis Millet (Au 5)",
        "city": "Nantes",
        "type": "Affichage libre",
        "notes": "Monté",
        "street_view": "https://www.google.com/maps/@47.22621113290379,-1.5219743467943514,3a,75y,0h,90t/data=!3m4!1e1!3m2!1s!2e0"
      }
    },
    {
      "type": "Feature",
      "geometry": {
        "type": "Point",
        "coordinates": [
          -1.5288281807689454,
          47.2592249155391
        ]
      },
      "properties": {
        "id": "AL_NM_13_0206",
        "name": "Rue des Pays de la Loire (face entrée Parc Expo)",
        "city": "Nantes",
        "type": "Affichage libre",
        "notes": "Monté",
        "street_view": "https://www.google.com/maps/@47.2592249155391,-1.5288281807689454,3a,75y,0h,90t/data=!3m4!1e1!3m2!1s!2e0"
      }
    },
    {
      "type": "Feature",
      "geometry": {
        "type": "Point",
        "coordinates": [
          -1.5355796848494945,
          47.24091105020806
        ]
      },
      "properties": {
        "id": "AL_NM_13_0201",
        "name": "Route de Saint Joseph (Rue du Port Boyer)",
        "city": "Nantes",
        "type": "Affichage libre",
        "notes": "Monté",
        "street_view": "https://www.google.com/maps/@47.24091105020806,-1.5355796848494945,3a,75y,0h,90t/data=!3m4!1e1!3m2!1s!2e0"
      }
    },
    {
      "type": "Feature",
      "geometry": {
        "type": "Point",
        "coordinates": [
          -1.5307723609157864,
          47.246046165953736
        ]
      },
      "properties": {
        "id": "AL_NM_13_0210",
        "name": "Rue d'El Alamein",
        "city": "Nantes",
        "type": "Affichage libre",
        "notes": "Monté",
        "street_view": "https://www.google.com/maps/@47.246046165953736,-1.5307723609157864,3a,75y,0h,90t/data=!3m4!1e1!3m2!1s!2e0"
      }
    },
    {
      "type": "Feature",
      "geometry": {
        "type": "Point",
        "coordinates": [
          -1.5161511607689813,
          47.25954992609689
        ]
      },
      "properties": {
        "id": "AL_NM_13_0216",
        "name": "Rue Eugénie Cotton (Au 7)",
        "city": "Nantes",
        "type": "Affichage libre",
        "notes": "Monté",
        "street_view": "https://www.google.com/maps/@47.25954992609689,-1.5161511607689813,3a,75y,0h,90t/data=!3m4!1e1!3m2!1s!2e0"
      }
    },
    {
      "type": "Feature",
      "geometry": {
        "type": "Point",
        "coordinates": [
          -1.5157900372832696,
          47.25637368839897
        ]
      },
      "properties": {
        "id": "AL_NM_13_0217",
        "name": "Rue du Champ de Tir (Devant la Société Générale)",
        "city": "Nantes",
        "type": "Affichage libre",
        "notes": "Monté",
        "street_view": "https://www.google.com/maps/@47.25637368839897,-1.5157900372832696,3a,75y,0h,90t/data=!3m4!1e1!3m2!1s!2e0"
      }
    },
    {
      "type": "Feature",
      "geometry": {
        "type": "Point",
        "coordinates": [
          -1.5210705941053728,
          47.28684626781613
        ]
      },
      "properties": {
        "id": "AL_NM_13_0224",
        "name": "Route de Gachet (Arret Parc Chantrerie)",
        "city": "Nantes",
        "type": "Affichage libre",
        "notes": "Monté",
        "street_view": "https://www.google.com/maps/@47.28684626781613,-1.5210705941053728,3a,75y,0h,90t/data=!3m4!1e1!3m2!1s!2e0"
      }
    },
    {
      "type": "Feature",
      "geometry": {
        "type": "Point",
        "coordinates": [
          -1.5713067784742045,
          47.22624277087784
        ]
      },
      "properties": {
        "id": "AL_NM_13_0227",
        "name": "Rue de la Convention (Au 100)",
        "city": "Nantes",
        "type": "Affichage libre",
        "notes": "Monté",
        "street_view": "https://www.google.com/maps/@47.22624277087784,-1.5713067784742045,3a,75y,0h,90t/data=!3m4!1e1!3m2!1s!2e0"
      }
    },
    {
      "type": "Feature",
      "geometry": {
        "type": "Point",
        "coordinates": [
          -1.5244671413585562,
          47.266471732791395
        ]
      },
      "properties": {
        "id": "AL_NM_13_0220",
        "name": "Route de Saint Joseph (Angle Rue de la Grange au Loup)",
        "city": "Nantes",
        "type": "Affichage libre",
        "notes": "Monté",
        "street_view": "https://www.google.com/maps/@47.266471732791395,-1.5244671413585562,3a,75y,0h,90t/data=!3m4!1e1!3m2!1s!2e0"
      }
    },
    {
      "type": "Feature",
      "geometry": {
        "type": "Point",
        "coordinates": [
          -1.542203419820349,
          47.18596185736314
        ]
      },
      "properties": {
        "id": "AL_NM_15_0008",
        "name": "Rue Jean Fraix (face Rue Théodore Patry)",
        "city": "Rezé",
        "type": "Affichage libre",
        "notes": "Monté",
        "street_view": "https://www.google.com/maps/@47.18596185736314,-1.542203419820349,3a,75y,0h,90t/data=!3m4!1e1!3m2!1s!2e0"
      }
    },
    {
      "type": "Feature",
      "geometry": {
        "type": "Point",
        "coordinates": [
          -1.5465659318913374,
          47.18578938589781
        ]
      },
      "properties": {
        "id": "AL_NM_15_0021",
        "name": "Rue Jean Jaurès (Au 78)",
        "city": "Rezé",
        "type": "Affichage libre",
        "notes": "Monté",
        "street_view": "https://www.google.com/maps/@47.18578938589781,-1.5465659318913374,3a,75y,0h,90t/data=!3m4!1e1!3m2!1s!2e0"
      }
    },
    {
      "type": "Feature",
      "geometry": {
        "type": "Point",
        "coordinates": [
          -1.653188215474361,
          47.21133137804001
        ]
      },
      "properties": {
        "id": "AL_NM_17_0001",
        "name": "Place de la Paix (Rue du Lieutenant Mouillie)",
        "city": "Saint-Herblain",
        "type": "Affichage libre",
        "notes": "Monté",
        "street_view": "https://www.google.com/maps/@47.21133137804001,-1.653188215474361,3a,75y,0h,90t/data=!3m4!1e1!3m2!1s!2e0"
      }
    },
    {
      "type": "Feature",
      "geometry": {
        "type": "Point",
        "coordinates": [
          -1.631490449027543,
          47.2367159565798
        ]
      },
      "properties": {
        "id": "AL_NM_17_0015",
        "name": "Rue de la Bergerie (Face Rue Le Corbusier)",
        "city": "Saint-Herblain",
        "type": "Affichage libre",
        "notes": "Monté",
        "street_view": "https://www.google.com/maps/@47.2367159565798,-1.631490449027543,3a,75y,0h,90t/data=!3m4!1e1!3m2!1s!2e0"
      }
    },
    {
      "type": "Feature",
      "geometry": {
        "type": "Point",
        "coordinates": [
          -1.6484894237243533,
          47.21298996226991
        ]
      },
      "properties": {
        "id": "AL_NM_17_0002",
        "name": "Boulevard François Mitterrand (devant la Médiathèque)",
        "city": "Saint-Herblain",
        "type": "Affichage libre",
        "notes": "Monté",
        "street_view": "https://www.google.com/maps/@47.21298996226991,-1.6484894237243533,3a,75y,0h,90t/data=!3m4!1e1!3m2!1s!2e0"
      }
    },
    {
      "type": "Feature",
      "geometry": {
        "type": "Point",
        "coordinates": [
          -1.691346075209073,
          47.24487908742901
        ]
      },
      "properties": {
        "id": "AL_NM_06_0023",
        "name": "La Montagne (Ront-point)",
        "city": "Couëron",
        "type": "Affichage libre",
        "notes": "Monté",
        "street_view": "https://www.google.com/maps/@47.24487908742901,-1.691346075209073,3a,75y,0h,90t/data=!3m4!1e1!3m2!1s!2e0"
      }
    },
    {
      "type": "Feature",
      "geometry": {
        "type": "Point",
        "coordinates": [
          -1.6393492259869344,
          47.22339223813248
        ]
      },
      "properties": {
        "id": "AL_NM_17_0012",
        "name": "Boulevard Marcel Paul (Au 358)",
        "city": "Saint-Herblain",
        "type": "Affichage libre",
        "notes": "Monté",
        "street_view": "https://www.google.com/maps/@47.22339223813248,-1.6393492259869344,3a,75y,0h,90t/data=!3m4!1e1!3m2!1s!2e0"
      }
    },
    {
      "type": "Feature",
      "geometry": {
        "type": "Point",
        "coordinates": [
          -1.617205291933619,
          47.21129189576008
        ]
      },
      "properties": {
        "id": "AL_NM_17_0026",
        "name": "Rue de Saint Nazaire (angle Rue d’Aquitaine)",
        "city": "Saint-Herblain",
        "type": "Affichage libre",
        "notes": "Monté",
        "street_view": "https://www.google.com/maps/@47.21129189576008,-1.617205291933619,3a,75y,0h,90t/data=!3m4!1e1!3m2!1s!2e0"
      }
    },
    {
      "type": "Feature",
      "geometry": {
        "type": "Point",
        "coordinates": [
          -1.6144707004558276,
          47.209864742300795
        ]
      },
      "properties": {
        "id": "AL_NM_17_0027",
        "name": "Rue de l'Aquitaine (angle rue de la Gironde)",
        "city": "Saint-Herblain",
        "type": "Affichage libre",
        "notes": "Monté",
        "street_view": "https://www.google.com/maps/@47.209864742300795,-1.6144707004558276,3a,75y,0h,90t/data=!3m4!1e1!3m2!1s!2e0"
      }
    },
    {
      "type": "Feature",
      "geometry": {
        "type": "Point",
        "coordinates": [
          -1.6144218893080695,
          47.21553820779084
        ]
      },
      "properties": {
        "id": "AL_NM_17_0023",
        "name": "Rue de Saint Servan (face piscine (N°1 rue de Saint Servan)",
        "city": "Saint-Herblain",
        "type": "Affichage libre",
        "notes": "Monté",
        "street_view": "https://www.google.com/maps/@47.21553820779084,-1.6144218893080695,3a,75y,0h,90t/data=!3m4!1e1!3m2!1s!2e0"
      }
    },
    {
      "type": "Feature",
      "geometry": {
        "type": "Point",
        "coordinates": [
          -1.6111209998466518,
          47.24528180406416
        ]
      },
      "properties": {
        "id": "AL_NM_17_0041",
        "name": "Avenue de l'Angevinière (entrée parking du college)",
        "city": "Saint-Herblain",
        "type": "Affichage libre",
        "notes": "Monté",
        "street_view": "https://www.google.com/maps/@47.24528180406416,-1.6111209998466518,3a,75y,0h,90t/data=!3m4!1e1!3m2!1s!2e0"
      }
    },
    {
      "type": "Feature",
      "geometry": {
        "type": "Point",
        "coordinates": [
          -1.6044167863426946,
          47.24620789734414
        ]
      },
      "properties": {
        "id": "AL_NM_17_0039",
        "name": "Avenue des Thébaudières (angle route de Vannes)",
        "city": "Saint-Herblain",
        "type": "Affichage libre",
        "notes": "Monté",
        "street_view": "https://www.google.com/maps/@47.24620789734414,-1.6044167863426946,3a,75y,0h,90t/data=!3m4!1e1!3m2!1s!2e0"
      }
    },
    {
      "type": "Feature",
      "geometry": {
        "type": "Point",
        "coordinates": [
          -1.5873541348347437,
          47.161108189651365
        ]
      },
      "properties": {
        "id": "AL_NM_03_0005",
        "name": "Rue de l'Aviation (angle Av du Brossais)",
        "city": "Bouguenais",
        "type": "Affichage libre",
        "notes": "Monté",
        "street_view": "https://www.google.com/maps/@47.161108189651365,-1.5873541348347437,3a,75y,0h,90t/data=!3m4!1e1!3m2!1s!2e0"
      }
    },
    {
      "type": "Feature",
      "geometry": {
        "type": "Point",
        "coordinates": [
          -1.61917506418058,
          47.177882372423355
        ]
      },
      "properties": {
        "id": "AL_NM_03_0001",
        "name": "Avenue du Général De Gaulle (Au 33 Ecole Chateaubriand)",
        "city": "Bouguenais",
        "type": "Affichage libre",
        "notes": "Monté",
        "street_view": "https://www.google.com/maps/@47.177882372423355,-1.61917506418058,3a,75y,0h,90t/data=!3m4!1e1!3m2!1s!2e0"
      }
    },
    {
      "type": "Feature",
      "geometry": {
        "type": "Point",
        "coordinates": [
          -1.6692856724460323,
          47.13656059889374
        ]
      },
      "properties": {
        "id": "AL_NM_02_0002",
        "name": "Place des Pêcheurs (Rue de l’Etier au 1)",
        "city": "Bouaye",
        "type": "Affichage libre",
        "notes": "Monté",
        "street_view": "https://www.google.com/maps/@47.13656059889374,-1.6692856724460323,3a,75y,0h,90t/data=!3m4!1e1!3m2!1s!2e0"
      }
    },
    {
      "type": "Feature",
      "geometry": {
        "type": "Point",
        "coordinates": [
          -1.6576888652509594,
          47.17507450066883
        ]
      },
      "properties": {
        "id": "AL_NM_03_0011",
        "name": "Rue de la Mouchonnerie (angle La Mouchonnerie)",
        "city": "Bouguenais",
        "type": "Affichage libre",
        "notes": "Monté",
        "street_view": "https://www.google.com/maps/@47.17507450066883,-1.6576888652509594,3a,75y,0h,90t/data=!3m4!1e1!3m2!1s!2e0"
      }
    },
    {
      "type": "Feature",
      "geometry": {
        "type": "Point",
        "coordinates": [
          -1.6343326384056545,
          47.18663686770132
        ]
      },
      "properties": {
        "id": "AL_NM_03_0020",
        "name": "Rue des Pêcheurs (angle Rue du Port Lavigne)",
        "city": "Bouguenais",
        "type": "Affichage libre",
        "notes": "Monté",
        "street_view": "https://www.google.com/maps/@47.18663686770132,-1.6343326384056545,3a,75y,0h,90t/data=!3m4!1e1!3m2!1s!2e0"
      }
    },
    {
      "type": "Feature",
      "geometry": {
        "type": "Point",
        "coordinates": [
          -1.6283565930238801,
          47.17855598965962
        ]
      },
      "properties": {
        "id": "AL_NM_03_0021",
        "name": "Rue Eugène Pottier (angle Rue de Beauvoir)",
        "city": "Bouguenais",
        "type": "Affichage libre",
        "notes": "Monté",
        "street_view": "https://www.google.com/maps/@47.17855598965962,-1.6283565930238801,3a,75y,0h,90t/data=!3m4!1e1!3m2!1s!2e0"
      }
    },
    {
      "type": "Feature",
      "geometry": {
        "type": "Point",
        "coordinates": [
          -1.6842058743057964,
          47.21160615330355
        ]
      },
      "properties": {
        "id": "AL_NM_06_0035",
        "name": "Rue de la Batellerie (angle Route des Prés de la Rivière)",
        "city": "Couëron",
        "type": "Affichage libre",
        "notes": "Monté",
        "street_view": "https://www.google.com/maps/@47.21160615330355,-1.6842058743057964,3a,75y,0h,90t/data=!3m4!1e1!3m2!1s!2e0"
      }
    },
    {
      "type": "Feature",
      "geometry": {
        "type": "Point",
        "coordinates": [
          -1.678476207342541,
          47.22619417423902
        ]
      },
      "properties": {
        "id": "AL_NM_06_0024",
        "name": "Rue de la Minée (Intersection rues Minée/Sinière)",
        "city": "Couëron",
        "type": "Affichage libre",
        "notes": "Monté",
        "street_view": "https://www.google.com/maps/@47.22619417423902,-1.678476207342541,3a,75y,0h,90t/data=!3m4!1e1!3m2!1s!2e0"
      }
    },
    {
      "type": "Feature",
      "geometry": {
        "type": "Point",
        "coordinates": [
          -1.7192727906269043,
          47.2340077245827
        ]
      },
      "properties": {
        "id": "AL_NM_06_0015",
        "name": "L'Erdurière",
        "city": "Couëron",
        "type": "Affichage libre",
        "notes": "Monté",
        "street_view": "https://www.google.com/maps/@47.2340077245827,-1.7192727906269043,3a,75y,0h,90t/data=!3m4!1e1!3m2!1s!2e0"
      }
    },
    {
      "type": "Feature",
      "geometry": {
        "type": "Point",
        "coordinates": [
          -1.75447820819026,
          47.2025384818333
        ]
      },
      "properties": {
        "id": "AL_NM_10_0003",
        "name": "Place du Commandant l'Herminier",
        "city": "Le Pellerin",
        "type": "Affichage libre",
        "notes": "Monté",
        "street_view": "https://www.google.com/maps/@47.2025384818333,-1.75447820819026,3a,75y,0h,90t/data=!3m4!1e1!3m2!1s!2e0"
      }
    },
    {
      "type": "Feature",
      "geometry": {
        "type": "Point",
        "coordinates": [
          -1.5116882402934027,
          47.15011546491973
        ]
      },
      "properties": {
        "id": "AL_NM_11_0003",
        "name": "Rue de la Fernière (Angle Chemin de l'Enclose)",
        "city": "Les Sorinières",
        "type": "Affichage libre",
        "notes": "Monté",
        "street_view": "https://www.google.com/maps/@47.15011546491973,-1.5116882402934027,3a,75y,0h,90t/data=!3m4!1e1!3m2!1s!2e0"
      }
    },
    {
      "type": "Feature",
      "geometry": {
        "type": "Point",
        "coordinates": [
          -1.687433821193469,
          47.184686123238116
        ]
      },
      "properties": {
        "id": "AL_NM_09_0007",
        "name": "Rue Salvator Allende (angle rue du Grand Clos)",
        "city": "La Montagne",
        "type": "Affichage libre",
        "notes": "Monté",
        "street_view": "https://www.google.com/maps/@47.184686123238116,-1.687433821193469,3a,75y,0h,90t/data=!3m4!1e1!3m2!1s!2e0"
      }
    },
    {
      "type": "Feature",
      "geometry": {
        "type": "Point",
        "coordinates": [
          -1.61853959378723,
          47.12470544954646
        ]
      },
      "properties": {
        "id": "AL_NM_16_0002",
        "name": "Route du Champ de Foire (face au 24)",
        "city": "Saint-Aignan de Grand Lieu",
        "type": "Affichage libre",
        "notes": "Monté",
        "street_view": "https://www.google.com/maps/@47.12470544954646,-1.61853959378723,3a,75y,0h,90t/data=!3m4!1e1!3m2!1s!2e0"
      }
    },
    {
      "type": "Feature",
      "geometry": {
        "type": "Point",
        "coordinates": [
          -1.4619210940114407,
          47.257982611504524
        ]
      },
      "properties": {
        "id": "AL_NM_21_0004",
        "name": "Route de Thouaré (angle Route du Patis Mandin)",
        "city": "Sainte-Luce-sur-Loire",
        "type": "Affichage libre",
        "notes": "Monté",
        "street_view": "https://www.google.com/maps/@47.257982611504524,-1.4619210940114407,3a,75y,0h,90t/data=!3m4!1e1!3m2!1s!2e0"
      }
    },
    {
      "type": "Feature",
      "geometry": {
        "type": "Point",
        "coordinates": [
          -1.3896045952715668,
          47.29300222670828
        ]
      },
      "properties": {
        "id": "AL_NM_12_0003",
        "name": "Gare de Mauves",
        "city": "Mauves-sur-Loire",
        "type": "Affichage libre",
        "notes": "Monté",
        "street_view": "https://www.google.com/maps/@47.29300222670828,-1.3896045952715668,3a,75y,0h,90t/data=!3m4!1e1!3m2!1s!2e0"
      }
    },
    {
      "type": "Feature",
      "geometry": {
        "type": "Point",
        "coordinates": [
          -1.6970668133203988,
          47.194518870554035
        ]
      },
      "properties": {
        "id": "AL_NM_18_0005",
        "name": "Passage de Ménaka (Rue du Commerce)",
        "city": "Saint-Jean-de-Boiseau",
        "type": "Affichage libre",
        "notes": "Monté",
        "street_view": "https://www.google.com/maps/@47.194518870554035,-1.6970668133203988,3a,75y,0h,90t/data=!3m4!1e1!3m2!1s!2e0"
      }
    },
    {
      "type": "Feature",
      "geometry": {
        "type": "Point",
        "coordinates": [
          -1.453453142734466,
          47.26621086185134
        ]
      },
      "properties": {
        "id": "AL_NM_23_0005",
        "name": "Rue du Belem (angle Rue des Palmiers)",
        "city": "Thouaré-sur-Loire",
        "type": "Affichage libre",
        "notes": "Monté",
        "street_view": "https://www.google.com/maps/@47.26621086185134,-1.453453142734466,3a,75y,0h,90t/data=!3m4!1e1!3m2!1s!2e0"
      }
    },
    {
      "type": "Feature",
      "geometry": {
        "type": "Point",
        "coordinates": [
          -1.481120914397077,
          47.16877692554045
        ]
      },
      "properties": {
        "id": "AL_NM_24_0007",
        "name": "Quai de la Chaussée des Moines",
        "city": "Vertou",
        "type": "Affichage libre",
        "notes": "Monté",
        "street_view": "https://www.google.com/maps/@47.16877692554045,-1.481120914397077,3a,75y,0h,90t/data=!3m4!1e1!3m2!1s!2e0"
      }
    },
    {
      "type": "Feature",
      "geometry": {
        "type": "Point",
        "coordinates": [
          -1.4744320531566582,
          47.164792406037506
        ]
      },
      "properties": {
        "id": "AL_NM_24_0012",
        "name": "Rue de la Garenne (ruelle de la Garenne  Centre Médico Social)",
        "city": "Vertou",
        "type": "Affichage libre",
        "notes": "Monté",
        "street_view": "https://www.google.com/maps/@47.164792406037506,-1.4744320531566582,3a,75y,0h,90t/data=!3m4!1e1!3m2!1s!2e0"
      }
    },
    {
      "type": "Feature",
      "geometry": {
        "type": "Point",
        "coordinates": [
          -1.5450727064159684,
          47.213456773361656
        ]
      },
      "properties": {
        "id": "AL_NM_13_0026",
        "name": "Avenue Carnot (Angle Rue Jemmapes)",
        "city": "Nantes",
        "type": "Affichage libre",
        "notes": "Démonté",
        "street_view": "https://www.google.com/maps/@47.213456773361656,-1.5450727064159684,3a,75y,0h,90t/data=!3m4!1e1!3m2!1s!2e0"
      }
    },
    {
      "type": "Feature",
      "geometry": {
        "type": "Point",
        "coordinates": [
          -1.6813835559327976,
          47.15553009330377
        ]
      },
      "properties": {
        "id": "AL_NM_02_0006",
        "name": "Boulevard Jean Monnet (Lycée)",
        "city": "Bouaye",
        "type": "Affichage libre",
        "notes": "Monté",
        "street_view": "https://www.google.com/maps/@47.15553009330377,-1.6813835559327976,3a,75y,0h,90t/data=!3m4!1e1!3m2!1s!2e0"
      }
    },
    {
      "type": "Feature",
      "geometry": {
        "type": "Point",
        "coordinates": [
          -1.5046671524466675,
          47.30344170017337
        ]
      },
      "properties": {
        "id": "AL_NM_05_0009",
        "name": "Boulevard Ampère (angle rond point Boulevard Ampère)",
        "city": "Carquefou",
        "type": "Affichage libre",
        "notes": "Monté",
        "street_view": "https://www.google.com/maps/@47.30344170017337,-1.5046671524466675,3a,75y,0h,90t/data=!3m4!1e1!3m2!1s!2e0"
      }
    },
    {
      "type": "Feature",
      "geometry": {
        "type": "Point",
        "coordinates": [
          -1.4336193066732072,
          47.28885646151568
        ]
      },
      "properties": {
        "id": "AL_NM_05_0010",
        "name": "Route de Paris Chemin Nantais (Lieu Dit La Chalandière VM723)",
        "city": "Carquefou",
        "type": "Affichage libre",
        "notes": "Monté",
        "street_view": "https://www.google.com/maps/@47.28885646151568,-1.4336193066732072,3a,75y,0h,90t/data=!3m4!1e1!3m2!1s!2e0"
      }
    },
    {
      "type": "Feature",
      "geometry": {
        "type": "Point",
        "coordinates": [
          -1.723866349882687,
          47.221585822655896
        ]
      },
      "properties": {
        "id": "AL_NM_06_0017",
        "name": "Rue de la Gare (Rue Alexandre Olivier)",
        "city": "Couëron",
        "type": "Affichage libre",
        "notes": "Monté",
        "street_view": "https://www.google.com/maps/@47.221585822655896,-1.723866349882687,3a,75y,0h,90t/data=!3m4!1e1!3m2!1s!2e0"
      }
    },
    {
      "type": "Feature",
      "geometry": {
        "type": "Point",
        "coordinates": [
          -1.3967046677713124,
          47.2991689150487
        ]
      },
      "properties": {
        "id": "AL_NM_12_0001",
        "name": "Rue du Choiseau (Angle avenue de Bretagne)",
        "city": "Mauves-sur-Loire",
        "type": "Affichage libre",
        "notes": "Monté",
        "street_view": "https://www.google.com/maps/@47.2991689150487,-1.3967046677713124,3a,75y,0h,90t/data=!3m4!1e1!3m2!1s!2e0"
      }
    },
    {
      "type": "Feature",
      "geometry": {
        "type": "Point",
        "coordinates": [
          -1.7579447407686604,
          47.22005234699152
        ]
      },
      "properties": {
        "id": "AL_NM_06_0022",
        "name": "Rue de la Sensive (angle Rue de la Bourdinière)",
        "city": "Couëron",
        "type": "Affichage libre",
        "notes": "Monté",
        "street_view": "https://www.google.com/maps/@47.22005234699152,-1.7579447407686604,3a,75y,0h,90t/data=!3m4!1e1!3m2!1s!2e0"
      }
    },
    {
      "type": "Feature",
      "geometry": {
        "type": "Point",
        "coordinates": [
          -1.567603002623775,
          47.2591342604934
        ]
      },
      "properties": {
        "id": "AL_NM_13_0136",
        "name": "Rue des Renards (Angle Rue Santos Dumont)",
        "city": "Nantes",
        "type": "Affichage libre",
        "notes": "Monté",
        "street_view": "https://www.google.com/maps/@47.2591342604934,-1.567603002623775,3a,75y,0h,90t/data=!3m4!1e1!3m2!1s!2e0"
      }
    },
    {
      "type": "Feature",
      "geometry": {
        "type": "Point",
        "coordinates": [
          -1.4967067198260053,
          47.25454463845615
        ]
      },
      "properties": {
        "id": "AL_NM_21_0006",
        "name": "Rue de la Cadoire (angle Avenue de l'Aiguillon)",
        "city": "Sainte-Luce-sur-Loire",
        "type": "Affichage libre",
        "notes": "Monté",
        "street_view": "https://www.google.com/maps/@47.25454463845615,-1.4967067198260053,3a,75y,0h,90t/data=!3m4!1e1!3m2!1s!2e0"
      }
    },
    {
      "type": "Feature",
      "geometry": {
        "type": "Point",
        "coordinates": [
          -1.5261473809107178,
          47.18847561695525
        ]
      },
      "properties": {
        "id": "AL_NM_13_0009",
        "name": "Rue Ambroise Pierre Audouard (angle Rue Marc Sangnier)",
        "city": "Nantes",
        "type": "Affichage libre",
        "notes": "Monté",
        "street_view": "https://www.google.com/maps/@47.18847561695525,-1.5261473809107178,3a,75y,0h,90t/data=!3m4!1e1!3m2!1s!2e0"
      }
    },
    {
      "type": "Feature",
      "geometry": {
        "type": "Point",
        "coordinates": [
          -1.5303741126989057,
          47.20779024486723
        ]
      },
      "properties": {
        "id": "AL_NM_13_0015",
        "name": "Rue Gaëtan Rondeau (Angle Bd Millerand)",
        "city": "Nantes",
        "type": "Affichage libre",
        "notes": "Monté",
        "street_view": "https://www.google.com/maps/@47.20779024486723,-1.5303741126989057,3a,75y,0h,90t/data=!3m4!1e1!3m2!1s!2e0"
      }
    },
    {
      "type": "Feature",
      "geometry": {
        "type": "Point",
        "coordinates": [
          -1.5364031082333205,
          47.202886280601014
        ]
      },
      "properties": {
        "id": "AL_NM_13_0017",
        "name": "Boulevard Georges Mandel (Au niveau du pont)",
        "city": "Nantes",
        "type": "Affichage libre",
        "notes": "Monté",
        "street_view": "https://www.google.com/maps/@47.202886280601014,-1.5364031082333205,3a,75y,0h,90t/data=!3m4!1e1!3m2!1s!2e0"
      }
    },
    {
      "type": "Feature",
      "geometry": {
        "type": "Point",
        "coordinates": [
          -1.5584944420736864,
          47.2193357965878
        ]
      },
      "properties": {
        "id": "AL_NM_13_0036",
        "name": "Rue Léopold Cassegrain (Angle Rue Edmond Prieur)",
        "city": "Nantes",
        "type": "Affichage libre",
        "notes": "Monté",
        "street_view": "https://www.google.com/maps/@47.2193357965878,-1.5584944420736864,3a,75y,0h,90t/data=!3m4!1e1!3m2!1s!2e0"
      }
    },
    {
      "type": "Feature",
      "geometry": {
        "type": "Point",
        "coordinates": [
          -1.552968376341506,
          47.218243421535696
        ]
      },
      "properties": {
        "id": "AL_NM_13_0018",
        "name": "Rue Notre Dame (angle Rue de Strasbourg)",
        "city": "Nantes",
        "type": "Affichage libre",
        "notes": "Monté",
        "street_view": "https://www.google.com/maps/@47.218243421535696,-1.552968376341506,3a,75y,0h,90t/data=!3m4!1e1!3m2!1s!2e0"
      }
    },
    {
      "type": "Feature",
      "geometry": {
        "type": "Point",
        "coordinates": [
          -1.6108576827860497,
          47.20191815164022
        ]
      },
      "properties": {
        "id": "AL_NM_13_0044",
        "name": "Rue Marange Sylvange (Au 12)",
        "city": "Nantes",
        "type": "Affichage libre",
        "notes": "Monté",
        "street_view": "https://www.google.com/maps/@47.20191815164022,-1.6108576827860497,3a,75y,0h,90t/data=!3m4!1e1!3m2!1s!2e0"
      }
    },
    {
      "type": "Feature",
      "geometry": {
        "type": "Point",
        "coordinates": [
          -1.5710513192080284,
          47.212605991828895
        ]
      },
      "properties": {
        "id": "AL_NM_13_0087",
        "name": "Rue Evariste Luminais",
        "city": "Nantes",
        "type": "Affichage libre",
        "notes": "Monté",
        "street_view": "https://www.google.com/maps/@47.212605991828895,-1.5710513192080284,3a,75y,0h,90t/data=!3m4!1e1!3m2!1s!2e0"
      }
    },
    {
      "type": "Feature",
      "geometry": {
        "type": "Point",
        "coordinates": [
          -1.6002268766440733,
          47.21335152351477
        ]
      },
      "properties": {
        "id": "AL_NM_13_0092",
        "name": "Rue de la Durantière (Face au 33)",
        "city": "Nantes",
        "type": "Affichage libre",
        "notes": "Monté",
        "street_view": "https://www.google.com/maps/@47.21335152351477,-1.6002268766440733,3a,75y,0h,90t/data=!3m4!1e1!3m2!1s!2e0"
      }
    },
    {
      "type": "Feature",
      "geometry": {
        "type": "Point",
        "coordinates": [
          -1.5566978258878255,
          47.23499462907802
        ]
      },
      "properties": {
        "id": "AL_NM_13_0098",
        "name": "Boulevard Michelet (Au 41)",
        "city": "Nantes",
        "type": "Affichage libre",
        "notes": "Monté",
        "street_view": "https://www.google.com/maps/@47.23499462907802,-1.5566978258878255,3a,75y,0h,90t/data=!3m4!1e1!3m2!1s!2e0"
      }
    },
    {
      "type": "Feature",
      "geometry": {
        "type": "Point",
        "coordinates": [
          -1.5490757674327755,
          47.23236219491638
        ]
      },
      "properties": {
        "id": "AL_NM_13_0107",
        "name": "Boulevard Van Iseghem (Angle Rue Etienne Etiennez)",
        "city": "Nantes",
        "type": "Affichage libre",
        "notes": "Monté",
        "street_view": "https://www.google.com/maps/@47.23236219491638,-1.5490757674327755,3a,75y,0h,90t/data=!3m4!1e1!3m2!1s!2e0"
      }
    },
    {
      "type": "Feature",
      "geometry": {
        "type": "Point",
        "coordinates": [
          -1.5731133049851682,
          47.24137609840141
        ]
      },
      "properties": {
        "id": "AL_NM_13_0117",
        "name": "Boulevard Robert Schuman (Angle Rue Pierre Yvernogeau)",
        "city": "Nantes",
        "type": "Affichage libre",
        "notes": "Monté",
        "street_view": "https://www.google.com/maps/@47.24137609840141,-1.5731133049851682,3a,75y,0h,90t/data=!3m4!1e1!3m2!1s!2e0"
      }
    },
    {
      "type": "Feature",
      "geometry": {
        "type": "Point",
        "coordinates": [
          -1.6620624046043588,
          47.1835789464958
        ]
      },
      "properties": {
        "id": "AL_NM_03_0014",
        "name": "Rue de la Ravardière (Au 13)",
        "city": "Bouguenais",
        "type": "Affichage libre",
        "notes": "Monté",
        "street_view": "https://www.google.com/maps/@47.1835789464958,-1.6620624046043588,3a,75y,0h,90t/data=!3m4!1e1!3m2!1s!2e0"
      }
    },
    {
      "type": "Feature",
      "geometry": {
        "type": "Point",
        "coordinates": [
          -1.5529885756181778,
          47.23096252931332
        ]
      },
      "properties": {
        "id": "AL_NM_13_0116",
        "name": "Rue Félix Thomas (face au 32)",
        "city": "Nantes",
        "type": "Affichage libre",
        "notes": "Monté",
        "street_view": "https://www.google.com/maps/@47.23096252931332,-1.5529885756181778,3a,75y,0h,90t/data=!3m4!1e1!3m2!1s!2e0"
      }
    },
    {
      "type": "Feature",
      "geometry": {
        "type": "Point",
        "coordinates": [
          -1.5705891720702991,
          47.233885879583056
        ]
      },
      "properties": {
        "id": "AL_NM_13_0125",
        "name": "Rue de la Martinière (Angle Rue du Cardinal Richard)",
        "city": "Nantes",
        "type": "Affichage libre",
        "notes": "Monté",
        "street_view": "https://www.google.com/maps/@47.233885879583056,-1.5705891720702991,3a,75y,0h,90t/data=!3m4!1e1!3m2!1s!2e0"
      }
    },
    {
      "type": "Feature",
      "geometry": {
        "type": "Point",
        "coordinates": [
          -1.609487248061206,
          47.20555893545281
        ]
      },
      "properties": {
        "id": "AL_NM_13_0228",
        "name": "Rue Etienne Coutan (Face au 14)",
        "city": "Nantes",
        "type": "Affichage libre",
        "notes": "Monté",
        "street_view": "https://www.google.com/maps/@47.20555893545281,-1.609487248061206,3a,75y,0h,90t/data=!3m4!1e1!3m2!1s!2e0"
      }
    },
    {
      "type": "Feature",
      "geometry": {
        "type": "Point",
        "coordinates": [
          -1.596041341041657,
          47.209993751061035
        ]
      },
      "properties": {
        "id": "AL_NM_13_0226",
        "name": "Rue des 3 Ormeaux (Angle Rue Mélinière)",
        "city": "Nantes",
        "type": "Affichage libre",
        "notes": "Monté",
        "street_view": "https://www.google.com/maps/@47.209993751061035,-1.596041341041657,3a,75y,0h,90t/data=!3m4!1e1!3m2!1s!2e0"
      }
    },
    {
      "type": "Feature",
      "geometry": {
        "type": "Point",
        "coordinates": [
          -1.5414657159851433,
          47.19615008343933
        ]
      },
      "properties": {
        "id": "AL_NM_13_0003",
        "name": "Rue Gabriel Goudy (Angle Rue Esnoul Des Chatelets)",
        "city": "Nantes",
        "type": "Affichage libre",
        "notes": "Monté",
        "street_view": "https://www.google.com/maps/@47.19615008343933,-1.5414657159851433,3a,75y,0h,90t/data=!3m4!1e1!3m2!1s!2e0"
      }
    },
    {
      "type": "Feature",
      "geometry": {
        "type": "Point",
        "coordinates": [
          -1.5614858872944404,
          47.22093216525908
        ]
      },
      "properties": {
        "id": "AL_NM_13_0104",
        "name": "Rue Sarrazin (Angle Rue Fredureau)",
        "city": "Nantes",
        "type": "Affichage libre",
        "notes": "Monté",
        "street_view": "https://www.google.com/maps/@47.22093216525908,-1.5614858872944404,3a,75y,0h,90t/data=!3m4!1e1!3m2!1s!2e0"
      }
    },
    {
      "type": "Feature",
      "geometry": {
        "type": "Point",
        "coordinates": [
          -1.5673096383269214,
          47.262792686452244
        ]
      },
      "properties": {
        "id": "AL_NM_13_0134",
        "name": "Boulevard Albert Einstein (Au 46)",
        "city": "Nantes",
        "type": "Affichage libre",
        "notes": "Monté",
        "street_view": "https://www.google.com/maps/@47.262792686452244,-1.5673096383269214,3a,75y,0h,90t/data=!3m4!1e1!3m2!1s!2e0"
      }
    },
    {
      "type": "Feature",
      "geometry": {
        "type": "Point",
        "coordinates": [
          -1.5769106240725952,
          47.24927588554619
        ]
      },
      "properties": {
        "id": "AL_NM_13_0133",
        "name": "Route de Rennes (Face au 33)",
        "city": "Nantes",
        "type": "Affichage libre",
        "notes": "Monté",
        "street_view": "https://www.google.com/maps/@47.24927588554619,-1.5769106240725952,3a,75y,0h,90t/data=!3m4!1e1!3m2!1s!2e0"
      }
    },
    {
      "type": "Feature",
      "geometry": {
        "type": "Point",
        "coordinates": [
          -1.554739953343758,
          47.2458794468417
        ]
      },
      "properties": {
        "id": "AL_NM_13_0147",
        "name": "Chemin de la Censive du Tertre (Mail André Breton)",
        "city": "Nantes",
        "type": "Affichage libre",
        "notes": "Monté",
        "street_view": "https://www.google.com/maps/@47.2458794468417,-1.554739953343758,3a,75y,0h,90t/data=!3m4!1e1!3m2!1s!2e0"
      }
    },
    {
      "type": "Feature",
      "geometry": {
        "type": "Point",
        "coordinates": [
          -1.521859146854101,
          47.24414030394997
        ]
      },
      "properties": {
        "id": "AL_NM_13_0173",
        "name": "Rue Louis Guiotton (Angle Bd Henri Dunant)",
        "city": "Nantes",
        "type": "Affichage libre",
        "notes": "Monté",
        "street_view": "https://www.google.com/maps/@47.24414030394997,-1.521859146854101,3a,75y,0h,90t/data=!3m4!1e1!3m2!1s!2e0"
      }
    },
    {
      "type": "Feature",
      "geometry": {
        "type": "Point",
        "coordinates": [
          -1.5046093851508013,
          47.24400240544408
        ]
      },
      "properties": {
        "id": "AL_NM_13_0188",
        "name": "Rue Henri Loiret (Au 1)",
        "city": "Nantes",
        "type": "Affichage libre",
        "notes": "Monté",
        "street_view": "https://www.google.com/maps/@47.24400240544408,-1.5046093851508013,3a,75y,0h,90t/data=!3m4!1e1!3m2!1s!2e0"
      }
    },
    {
      "type": "Feature",
      "geometry": {
        "type": "Point",
        "coordinates": [
          -1.5284795551166521,
          47.24265367437731
        ]
      },
      "properties": {
        "id": "AL_NM_13_0209",
        "name": "Boulevard Jules Verne (Angle Rue de Koufra)",
        "city": "Nantes",
        "type": "Affichage libre",
        "notes": "Monté",
        "street_view": "https://www.google.com/maps/@47.24265367437731,-1.5284795551166521,3a,75y,0h,90t/data=!3m4!1e1!3m2!1s!2e0"
      }
    },
    {
      "type": "Feature",
      "geometry": {
        "type": "Point",
        "coordinates": [
          -1.5287446962885454,
          47.24366772659685
        ]
      },
      "properties": {
        "id": "AL_NM_13_0211",
        "name": "Rue de Koufra (Angle Rue de la Bertinière)",
        "city": "Nantes",
        "type": "Affichage libre",
        "notes": "Monté",
        "street_view": "https://www.google.com/maps/@47.24366772659685,-1.5287446962885454,3a,75y,0h,90t/data=!3m4!1e1!3m2!1s!2e0"
      }
    },
    {
      "type": "Feature",
      "geometry": {
        "type": "Point",
        "coordinates": [
          -1.514868910429585,
          47.25818626001042
        ]
      },
      "properties": {
        "id": "AL_NM_13_0213",
        "name": "Boulevard de la Beaujoire (Angle Rue du Champ de Tir)",
        "city": "Nantes",
        "type": "Affichage libre",
        "notes": "Monté",
        "street_view": "https://www.google.com/maps/@47.25818626001042,-1.514868910429585,3a,75y,0h,90t/data=!3m4!1e1!3m2!1s!2e0"
      }
    },
    {
      "type": "Feature",
      "geometry": {
        "type": "Point",
        "coordinates": [
          -1.5262743248160773,
          47.265350097959306
        ]
      },
      "properties": {
        "id": "AL_NM_13_0221",
        "name": "Route de Saint Joseph (Angle Rue du Fort)",
        "city": "Nantes",
        "type": "Affichage libre",
        "notes": "Monté",
        "street_view": "https://www.google.com/maps/@47.265350097959306,-1.5262743248160773,3a,75y,0h,90t/data=!3m4!1e1!3m2!1s!2e0"
      }
    },
    {
      "type": "Feature",
      "geometry": {
        "type": "Point",
        "coordinates": [
          -1.584566382194587,
          47.19139485515862
        ]
      },
      "properties": {
        "id": "AL_NM_15_0002",
        "name": "Rue Ordronneau (angle Rue de Californie)",
        "city": "Rezé",
        "type": "Affichage libre",
        "notes": "Monté",
        "street_view": "https://www.google.com/maps/@47.19139485515862,-1.584566382194587,3a,75y,0h,90t/data=!3m4!1e1!3m2!1s!2e0"
      }
    },
    {
      "type": "Feature",
      "geometry": {
        "type": "Point",
        "coordinates": [
          -1.5598753261735487,
          47.18074869124031
        ]
      },
      "properties": {
        "id": "AL_NM_15_0004",
        "name": "Rue du Château de Rezé (face Rue Maurice Utrillo)",
        "city": "Rezé",
        "type": "Affichage libre",
        "notes": "Monté",
        "street_view": "https://www.google.com/maps/@47.18074869124031,-1.5598753261735487,3a,75y,0h,90t/data=!3m4!1e1!3m2!1s!2e0"
      }
    },
    {
      "type": "Feature",
      "geometry": {
        "type": "Point",
        "coordinates": [
          -1.6786486606935211,
          47.18535005598148
        ]
      },
      "properties": {
        "id": "AL_NM_09_0016",
        "name": "Route de Bouguenais (face au 50)",
        "city": "La Montagne",
        "type": "Affichage libre",
        "notes": "Monté",
        "street_view": "https://www.google.com/maps/@47.18535005598148,-1.6786486606935211,3a,75y,0h,90t/data=!3m4!1e1!3m2!1s!2e0"
      }
    },
    {
      "type": "Feature",
      "geometry": {
        "type": "Point",
        "coordinates": [
          -1.5345096815381891,
          47.175794486825176
        ]
      },
      "properties": {
        "id": "AL_NM_15_0012",
        "name": "Rue des Hucasseries (Giratoire Jaunais)",
        "city": "Rezé",
        "type": "Affichage libre",
        "notes": "Monté",
        "street_view": "https://www.google.com/maps/@47.175794486825176,-1.5345096815381891,3a,75y,0h,90t/data=!3m4!1e1!3m2!1s!2e0"
      }
    },
    {
      "type": "Feature",
      "geometry": {
        "type": "Point",
        "coordinates": [
          -1.569809994420468,
          47.18292517233942
        ]
      },
      "properties": {
        "id": "AL_NM_15_0016",
        "name": "Avenue Léon Blum (Entrée du Stade)",
        "city": "Rezé",
        "type": "Affichage libre",
        "notes": "Monté",
        "street_view": "https://www.google.com/maps/@47.18292517233942,-1.569809994420468,3a,75y,0h,90t/data=!3m4!1e1!3m2!1s!2e0"
      }
    },
    {
      "type": "Feature",
      "geometry": {
        "type": "Point",
        "coordinates": [
          -1.5336854696898445,
          47.16512208930965
        ]
      },
      "properties": {
        "id": "AL_NM_15_0017",
        "name": "Rue de la Robinière (accés du stade)",
        "city": "Rezé",
        "type": "Affichage libre",
        "notes": "Monté",
        "street_view": "https://www.google.com/maps/@47.16512208930965,-1.5336854696898445,3a,75y,0h,90t/data=!3m4!1e1!3m2!1s!2e0"
      }
    },
    {
      "type": "Feature",
      "geometry": {
        "type": "Point",
        "coordinates": [
          -1.5406118947904102,
          47.1807141345907
        ]
      },
      "properties": {
        "id": "AL_NM_15_0019",
        "name": "Rue de la Basse Lande (au 22 Face au Square)",
        "city": "Rezé",
        "type": "Affichage libre",
        "notes": "Monté",
        "street_view": "https://www.google.com/maps/@47.1807141345907,-1.5406118947904102,3a,75y,0h,90t/data=!3m4!1e1!3m2!1s!2e0"
      }
    },
    {
      "type": "Feature",
      "geometry": {
        "type": "Point",
        "coordinates": [
          -1.6360956313336017,
          47.2166945914556
        ]
      },
      "properties": {
        "id": "AL_NM_17_0008",
        "name": "Chemin de la Solvardière (angle rue Francoise Dolto)",
        "city": "Saint-Herblain",
        "type": "Affichage libre",
        "notes": "Monté",
        "street_view": "https://www.google.com/maps/@47.2166945914556,-1.6360956313336017,3a,75y,0h,90t/data=!3m4!1e1!3m2!1s!2e0"
      }
    },
    {
      "type": "Feature",
      "geometry": {
        "type": "Point",
        "coordinates": [
          -1.491778311148904,
          47.203872956351205
        ]
      },
      "properties": {
        "id": "AL_NM_20_0001",
        "name": "Rue de Beaugency (Face au 18)",
        "city": "Saint-Sébastien-sur-Loire",
        "type": "Affichage libre",
        "notes": "Monté",
        "street_view": "https://www.google.com/maps/@47.203872956351205,-1.491778311148904,3a,75y,0h,90t/data=!3m4!1e1!3m2!1s!2e0"
      }
    },
    {
      "type": "Feature",
      "geometry": {
        "type": "Point",
        "coordinates": [
          -1.4890582581895788,
          47.20889883873892
        ]
      },
      "properties": {
        "id": "AL_NM_20_0004",
        "name": "Avenue de Glinde (Angle Rue du Général de Gaulle)",
        "city": "Saint-Sébastien-sur-Loire",
        "type": "Affichage libre",
        "notes": "Monté",
        "street_view": "https://www.google.com/maps/@47.20889883873892,-1.4890582581895788,3a,75y,0h,90t/data=!3m4!1e1!3m2!1s!2e0"
      }
    },
    {
      "type": "Feature",
      "geometry": {
        "type": "Point",
        "coordinates": [
          -1.4938809496118075,
          47.201720192991516
        ]
      },
      "properties": {
        "id": "AL_NM_20_0002",
        "name": "Rue de la Fontaine (Rue des Déportés)",
        "city": "Saint-Sébastien-sur-Loire",
        "type": "Affichage libre",
        "notes": "Monté",
        "street_view": "https://www.google.com/maps/@47.201720192991516,-1.4938809496118075,3a,75y,0h,90t/data=!3m4!1e1!3m2!1s!2e0"
      }
    },
    {
      "type": "Feature",
      "geometry": {
        "type": "Point",
        "coordinates": [
          -1.4874661587021882,
          47.19850189299921
        ]
      },
      "properties": {
        "id": "AL_NM_20_0003",
        "name": "Avenue de Montréal (angle Rue Louis Brochu)",
        "city": "Saint-Sébastien-sur-Loire",
        "type": "Affichage libre",
        "notes": "Monté",
        "street_view": "https://www.google.com/maps/@47.19850189299921,-1.4874661587021882,3a,75y,0h,90t/data=!3m4!1e1!3m2!1s!2e0"
      }
    },
    {
      "type": "Feature",
      "geometry": {
        "type": "Point",
        "coordinates": [
          -1.4711598013310938,
          47.216660605431684
        ]
      },
      "properties": {
        "id": "AL_NM_01_0004",
        "name": "Rue de la Fresnaie",
        "city": "Basse-Goulaine",
        "type": "Affichage libre",
        "notes": "Monté",
        "street_view": "https://www.google.com/maps/@47.216660605431684,-1.4711598013310938,3a,75y,0h,90t/data=!3m4!1e1!3m2!1s!2e0"
      }
    },
    {
      "type": "Feature",
      "geometry": {
        "type": "Point",
        "coordinates": [
          -1.4657091542512195,
          47.1996653847823
        ]
      },
      "properties": {
        "id": "AL_NM_01_0006",
        "name": "Rue des Rouleaux (angle Rue des Landes de la Plée)",
        "city": "Basse-Goulaine",
        "type": "Affichage libre",
        "notes": "Monté",
        "street_view": "https://www.google.com/maps/@47.1996653847823,-1.4657091542512195,3a,75y,0h,90t/data=!3m4!1e1!3m2!1s!2e0"
      }
    },
    {
      "type": "Feature",
      "geometry": {
        "type": "Point",
        "coordinates": [
          -1.6458400584298172,
          47.1582528711321
        ]
      },
      "properties": {
        "id": "AL_NM_03_0006",
        "name": "Rue de la Bauche Bertin (au 2 Village Des Bauches Du Désert)",
        "city": "Bouguenais",
        "type": "Affichage libre",
        "notes": "Monté",
        "street_view": "https://www.google.com/maps/@47.1582528711321,-1.6458400584298172,3a,75y,0h,90t/data=!3m4!1e1!3m2!1s!2e0"
      }
    },
    {
      "type": "Feature",
      "geometry": {
        "type": "Point",
        "coordinates": [
          -1.491199788254046,
          47.296135549663504
        ]
      },
      "properties": {
        "id": "AL_NM_05_0001",
        "name": "Place de la Libération",
        "city": "Carquefou",
        "type": "Affichage libre",
        "notes": "Supprimé",
        "street_view": "https://www.google.com/maps/@47.296135549663504,-1.491199788254046,3a,75y,0h,90t/data=!3m4!1e1!3m2!1s!2e0"
      }
    },
    {
      "type": "Feature",
      "geometry": {
        "type": "Point",
        "coordinates": [
          -1.6720387930636118,
          47.185006692906875
        ]
      },
      "properties": {
        "id": "AL_NM_09_0013",
        "name": "Rue des Fauvettes (D58)",
        "city": "La Montagne",
        "type": "Affichage libre",
        "notes": "Monté",
        "street_view": "https://www.google.com/maps/@47.185006692906875,-1.6720387930636118,3a,75y,0h,90t/data=!3m4!1e1!3m2!1s!2e0"
      }
    },
    {
      "type": "Feature",
      "geometry": {
        "type": "Point",
        "coordinates": [
          -1.680759934935573,
          47.18350058379067
        ]
      },
      "properties": {
        "id": "AL_NM_09_0005",
        "name": "Rue Paul Eluard (angle rue Joachim Du Bellay)",
        "city": "La Montagne",
        "type": "Affichage libre",
        "notes": "Monté",
        "street_view": "https://www.google.com/maps/@47.18350058379067,-1.680759934935573,3a,75y,0h,90t/data=!3m4!1e1!3m2!1s!2e0"
      }
    },
    {
      "type": "Feature",
      "geometry": {
        "type": "Point",
        "coordinates": [
          -1.5303397986330471,
          47.15674711752546
        ]
      },
      "properties": {
        "id": "AL_NM_11_0004",
        "name": "Rue de la Pierre Percée (angle Rue de l'Ilette)",
        "city": "Les Sorinières",
        "type": "Affichage libre",
        "notes": "Monté",
        "street_view": "https://www.google.com/maps/@47.15674711752546,-1.5303397986330471,3a,75y,0h,90t/data=!3m4!1e1!3m2!1s!2e0"
      }
    },
    {
      "type": "Feature",
      "geometry": {
        "type": "Point",
        "coordinates": [
          -1.6400361364052074,
          47.13268383699427
        ]
      },
      "properties": {
        "id": "AL_NM_16_0007",
        "name": "Route de la Marionnière (Square route de la Noé Nozou)",
        "city": "Saint-Aignan de Grand Lieu",
        "type": "Affichage libre",
        "notes": "Monté",
        "street_view": "https://www.google.com/maps/@47.13268383699427,-1.6400361364052074,3a,75y,0h,90t/data=!3m4!1e1!3m2!1s!2e0"
      }
    },
    {
      "type": "Feature",
      "geometry": {
        "type": "Point",
        "coordinates": [
          -1.4880126535009415,
          47.25678462098549
        ]
      },
      "properties": {
        "id": "AL_NM_21_0007",
        "name": "Rue de la Cadoire (angle Rue Louis Gaudin)",
        "city": "Sainte-Luce-sur-Loire",
        "type": "Affichage libre",
        "notes": "Monté",
        "street_view": "https://www.google.com/maps/@47.25678462098549,-1.4880126535009415,3a,75y,0h,90t/data=!3m4!1e1!3m2!1s!2e0"
      }
    },
    {
      "type": "Feature",
      "geometry": {
        "type": "Point",
        "coordinates": [
          -1.7061947122138335,
          47.185722682234854
        ]
      },
      "properties": {
        "id": "AL_NM_18_0008",
        "name": "Rue du Vieux Four (Au 59)",
        "city": "Saint-Jean-de-Boiseau",
        "type": "Affichage libre",
        "notes": "Monté",
        "street_view": "https://www.google.com/maps/@47.185722682234854,-1.7061947122138335,3a,75y,0h,90t/data=!3m4!1e1!3m2!1s!2e0"
      }
    },
    {
      "type": "Feature",
      "geometry": {
        "type": "Point",
        "coordinates": [
          -1.4712907711975591,
          47.137696587159716
        ]
      },
      "properties": {
        "id": "AL_NM_24_0013",
        "name": "Rue de la Grande Ile",
        "city": "Vertou",
        "type": "Affichage libre",
        "notes": "Monté",
        "street_view": "https://www.google.com/maps/@47.137696587159716,-1.4712907711975591,3a,75y,0h,90t/data=!3m4!1e1!3m2!1s!2e0"
      }
    },
    {
      "type": "Feature",
      "geometry": {
        "type": "Point",
        "coordinates": [
          -1.5298937393463705,
          47.22029242339595
        ]
      },
      "properties": {
        "id": "AL_NM_13_0166",
        "name": "Boulevard de Stalingrad (Face au 1)",
        "city": "Nantes",
        "type": "Affichage libre",
        "notes": "Monté",
        "street_view": "https://www.google.com/maps/@47.22029242339595,-1.5298937393463705,3a,75y,0h,90t/data=!3m4!1e1!3m2!1s!2e0"
      }
    },
    {
      "type": "Feature",
      "geometry": {
        "type": "Point",
        "coordinates": [
          -1.5050657814960844,
          47.29279257589979
        ]
      },
      "properties": {
        "id": "AL_NM_05_0001",
        "name": "Chemin de la Savaudière (Angle Chemin de l'Ouche à Bas)",
        "city": "Carquefou",
        "type": "Affichage libre",
        "notes": "Monté",
        "street_view": "https://www.google.com/maps/@47.29279257589979,-1.5050657814960844,3a,75y,0h,90t/data=!3m4!1e1!3m2!1s!2e0"
      }
    },
    {
      "type": "Feature",
      "geometry": {
        "type": "Point",
        "coordinates": [
          -1.5996510389789205,
          47.26842118927076
        ]
      },
      "properties": {
        "id": "AL_NM_14_70009",
        "name": "avenue du Couchant (face au 5)",
        "city": "Orvault",
        "type": "Affichage libre",
        "notes": "Monté",
        "street_view": "https://www.google.com/maps/@47.26842118927076,-1.5996510389789205,3a,75y,0h,90t/data=!3m4!1e1!3m2!1s!2e0"
      }
    }
  ]
}